Workbook

Sheet dsa_processed_with_metadata
A1: # | B1: Name | C1: Case ID | D1: Brain Region ID | E1: URL | F1: ID | G1: Year | H1: Done | I1: ABC | J1: Age at Death/Bx | K1: Age at Onset | L1: ApoE | M1: Braak Stage | N1: CERAD | O1: Case Number | P1: Clin Dx | Q1: Cryo Tissue | R1: Duration (years) | S1: Emory Number | T1: Family Hx | U1: Frozen Spinal Cord | V1: Frozen Tissue | W1: Other Neuropathologic Diagnosis - LBD | X1: Other Neuropathologic Diagnosis - Misc 1 | Y1: Other Neuropathologic Diagnosis - TDP | Z1: Other Neuropathologic Diagnosis - Vascular | AA1: PLP/PF Tissue | AB1: PMI (hr) | AC1: Paraffin Blocks | AD1: Primary Neuropathologic Diagnosis | AE1: Race | AF1: Registry or CRIN | AG1: Sex | AH1: Thal | AI1: blockID | AJ1: caseID | AK1: regionName | AL1: regionNameList | AM1: stainID | AN1: verified | AO1: Other Neuropathologic Diagnosis - tau | AP1: Other Neuropathologic Diagnosis - AD | AQ1: Formalin Tissue | AR1: Comments | AS1: fixedId | AT1: offsetX | AU1: offsetY | AV1: rotation | AW1: scaling | AX1: scalingFactor | AY1: size | AZ1: Cause of Death | BA1: Other Neuropathologic Diagnosis - Misc 2 | BB1: antibody | BC1: Clinician | BD1: Dx refined
A2: 1258 | B2: E17-140_1_PTDP.svs | C2: E17-140 | D2: 1 | E2: http://bdsa.pathology.emory.edu:8080/#item/6731690c900c0c0559a4876a | F2: 6731690c900c0c0559a4876a | G2: 2017 | I2: na | J2: 40 | K2: 38 | M2: na | N2: na | O2: E17-140 | P2: ALS | Q2: X | R2: 1.5 | S2: A17-140 | T2: Yes | V2: X | Y2: ALS | AB2: 22 | AD2: FTLD-TDP | AE2: b | AG2: m | AH2: na | AI2: 1 | AJ2: E17-140 | AK2: Hippocampus | AL2: ['Hippocampus'] | AM2: pTDP | AN2: yes | AQ2: X | BD2: ALS
A3: 1259 | B3: E17-140_2_PTDP.svs | C3: E17-140 | D3: 2 | E3: http://bdsa.pathology.emory.edu:8080/#item/673168ea900c0c0559a47fd8 | F3: 673168ea900c0c0559a47fd8 | G3: 2017 | I3: na | J3: 40 | K3: 38 | M3: na | N3: na | O3: E17-140 | P3: ALS | Q3: X | R3: 1.5 | S3: A17-140 | T3: Yes | V3: X | Y3: ALS | AB3: 22 | AD3: FTLD-TDP | AE3: b | AG3: m | AH3: na | AI3: 2 | AJ3: E17-140 | AK3: Amygdala | AL3: ['Amygdala'] | AM3: pTDP | AN3: yes | AQ3: X | BD3: ALS
A4: 1260 | B4: E17-140_3_PTDP.svs | C4: E17-140 | D4: 3 | E4: http://bdsa.pathology.emory.edu:8080/#item/673168f1900c0c0559a4813a | F4: 673168f1900c0c0559a4813a | G4: 2017 | I4: na | J4: 40 | K4: 38 | M4: na | N4: na | O4: E17-140 | P4: ALS | Q4: X | R4: 1.5 | S4: A17-140 | T4: Yes | V4: X | Y4: ALS | AB4: 22 | AD4: FTLD-TDP | AE4: b | AG4: m | AH4: na | AI4: 3 | AJ4: E17-140 | AK4: Frontal Cortex | AL4: ['Frontal cortex'] | AM4: pTDP | AN4: yes | AQ4: X | BD4: ALS
A5: 1261 | B5: E17-140_4_PTDP.svs | C5: E17-140 | D5: 4 | E5: http://bdsa.pathology.emory.edu:8080/#item/673168f7900c0c0559a482c5 | F5: 673168f7900c0c0559a482c5 | G5: 2017 | I5: na | J5: 40 | K5: 38 | M5: na | N5: na | O5: E17-140 | P5: ALS | Q5: X | R5: 1.5 | S5: A17-140 | T5: Yes | V5: X | Y5: ALS | AB5: 22 | AD5: FTLD-TDP | AE5: b | AG5: m | AH5: na | AI5: 4 | AJ5: E17-140 | AK5: Temporal Cortex | AL5: ['Temporal cortex'] | AM5: pTDP | AN5: yes | AQ5: X | BD5: ALS
A6: 1262 | B6: E17-140_5_PTDP.svs | C6: E17-140 | D6: 5 | E6: http://bdsa.pathology.emory.edu:8080/#item/673168ee900c0c0559a4808b | F6: 673168ee900c0c0559a4808b | G6: 2017 | I6: na | J6: 40 | K6: 38 | M6: na | N6: na | O6: E17-140 | P6: ALS | Q6: X | R6: 1.5 | S6: A17-140 | T6: Yes | V6: X | Y6: ALS | AB6: 22 | AD6: FTLD-TDP | AE6: b | AG6: m | AH6: na | AI6: 5 | AJ6: E17-140 | AK6: Parietal Cortex | AL6: ['Parietal cortex'] | AM6: pTDP | AN6: yes | AQ6: X | BD6: ALS
A7: 1263 | B7: E17-140_6_PTDP.svs | C7: E17-140 | D7: 6 | E7: http://bdsa.pathology.emory.edu:8080/#item/67316908900c0c0559a48659 | F7: 67316908900c0c0559a48659 | G7: 2017 | I7: na | J7: 40 | K7: 38 | M7: na | N7: na | O7: E17-140 | P7: ALS | Q7: X | R7: 1.5 | S7: A17-140 | T7: Yes | V7: X | Y7: ALS | AB7: 22 | AD7: FTLD-TDP | AE7: b | AG7: m | AH7: na | AI7: 6 | AJ7: E17-140 | AK7: Occipital Cortex | AL7: ['Occipital cortex'] | AM7: pTDP | AN7: yes | AQ7: X | BD7: ALS
A8: 1264 | B8: E17-140_7_PTDP.svs | C8: E17-140 | D8: 7 | E8: http://bdsa.pathology.emory.edu:8080/#item/67316901900c0c0559a48523 | F8: 67316901900c0c0559a48523 | G8: 2017 | I8: na | J8: 40 | K8: 38 | M8: na | N8: na | O8: E17-140 | P8: ALS | Q8: X | R8: 1.5 | S8: A17-140 | T8: Yes | V8: X | Y8: ALS | AB8: 22 | AD8: FTLD-TDP | AE8: b | AG8: m | AH8: na | AI8: 7 | AJ8: E17-140 | AK8: Peri-Rolandic Cortex, left | AL8: ['Left perirolandic cortex'] | AM8: pTDP | AN8: yes | AQ8: X | BD8: ALS
A9: 1265 | B9: E17-140_10_PTDP.svs | C9: E17-140 | D9: 10 | E9: http://bdsa.pathology.emory.edu:8080/#item/673168f2900c0c0559a4815b | F9: 673168f2900c0c0559a4815b | G9: 2017 | I9: na | J9: 40 | K9: 38 | M9: na | N9: na | O9: E17-140 | P9: ALS | Q9: X | R9: 1.5 | S9: A17-140 | T9: Yes | V9: X | Y9: ALS | AB9: 22 | AD9: FTLD-TDP | AE9: b | AG9: m | AH9: na | AI9: 10 | AJ9: E17-140 | AK9: Basal Ganglia/Nucleus Baysalis | AL9: ['Basal ganglia, Nucleus Baysalis'] | AM9: pTDP | AN9: yes | AQ9: X | BD9: ALS
A10: 1266 | B10: E17-140_11_PTDP.svs | C10: E17-140 | D10: 11 | E10: http://bdsa.pathology.emory.edu:8080/#item/673168eb900c0c0559a48017 | F10: 673168eb900c0c0559a48017 | G10: 2017 | I10: na | J10: 40 | K10: 38 | M10: na | N10: na | O10: E17-140 | P10: ALS | Q10: X | R10: 1.5 | S10: A17-140 | T10: Yes | V10: X | Y10: ALS | AB10: 22 | AD10: FTLD-TDP | AE10: b | AG10: m | AH10: na | AI10: 11 | AJ10: E17-140 | AK10: Basal Ganglia | AL10: ['Basal ganglia'] | AM10: pTDP | AN10: yes | AQ10: X | BD10: ALS
A11: 1267 | B11: E17-140_16_PTDP.svs | C11: E17-140 | D11: 16 | E11: http://bdsa.pathology.emory.edu:8080/#item/673168ef900c0c0559a480ca | F11: 673168ef900c0c0559a480ca | G11: 2017 | I11: na | J11: 40 | K11: 38 | M11: na | N11: na | O11: E17-140 | P11: ALS | Q11: X | R11: 1.5 | S11: A17-140 | T11: Yes | V11: X | Y11: ALS | AB11: 22 | AD11: FTLD-TDP | AE11: b | AG11: m | AH11: na | AI11: 16 | AJ11: E17-140 | AK11: Medulla | AL11: ['Medulla'] | AM11: pTDP | AN11: yes | AQ11: X | BD11: ALS
A12: 1268 | B12: E17-140_17_PTDP.svs | C12: E17-140 | D12: 17 | E12: http://bdsa.pathology.emory.edu:8080/#item/673168f8900c0c0559a482ff | F12: 673168f8900c0c0559a482ff | G12: 2017 | I12: na | J12: 40 | K12: 38 | M12: na | N12: na | O12: E17-140 | P12: ALS | Q12: X | R12: 1.5 | S12: A17-140 | T12: Yes | V12: X | Y12: ALS | AB12: 22 | AD12: FTLD-TDP | AE12: b | AG12: m | AH12: na | AI12: 17 | AJ12: E17-140 | AK12: Cerebellum | AL12: ['Cerebellum'] | AM12: pTDP | AN12: yes | AQ12: X | BD12: ALS
A13: 1269 | B13: E17-140_18_PTDP.svs | C13: E17-140 | D13: 18 | E13: http://bdsa.pathology.emory.edu:8080/#item/673168f9900c0c0559a4833c | F13: 673168f9900c0c0559a4833c | G13: 2017 | I13: na | J13: 40 | K13: 38 | M13: na | N13: na | O13: E17-140 | P13: ALS | Q13: X | R13: 1.5 | S13: A17-140 | T13: Yes | V13: X | Y13: ALS | AB13: 22 | AD13: FTLD-TDP | AE13: b | AG13: m | AH13: na | AI13: 18 | AJ13: E17-140 | AK13: Spinal Cord, upper | AL13: ['Upper spinal cord'] | AM13: pTDP | AN13: yes | AQ13: X | BD13: ALS
... A15: 1271 | B15: E17-140_20_PTDP.svs | C15: E17-140 | D15: 20 | E15: http://bdsa.pathology.emory.edu:8080/#item/673168f5900c0c0559a48251 | F15: 673168f5900c0c0559a48251 | G15: 2017 | I15: na | J15: 40 | K15: 38 | M15: na | N15: na | O15: E17-140 | P15: ALS | Q15: X | R15: 1.5 | S15: A17-140 | T15: Yes | V15: X | Y15: ALS | AB15: 22 | AD15: FTLD-TDP | AE15: b | AG15: m | AH15: na | AI15: 20 | AJ15: E17-140 | AK15: Spinal Cord, lower | AL15: ['Lower spinal cord'] | AM15: pTDP | AN15: yes | AQ15: X | BD15: ALS
A16: 1832 | B16: A15-30_23_pTDP.svs | C16: E/A15-30 | D16: 23 | E16: http://bdsa.pathology.emory.edu:8080/#item/67318553900c0c0559ab2e5a | F16: 67318553900c0c0559ab2e5a | G16: 2015 | I16: 0 | J16: 66 | K16: 62 | L16: E4/4 | M16: II | N16: 0 | O16: E15-30 | P16: FTD; ALS | Q16: X | R16: 4 | S16: A15-30 | T16: Yes | U16: X | V16: X | Y16: ALS | AA16: X | AB16: 7 | AC16: X | AD16: FTLD-TDP (C9 expansion) | AE16: w | AF16: Honor | AG16: m | AH16: 0 | AI16: 23 | AJ16: E15-30 | AK16: Ventral roots | AL16: ['Ventral roots'] | AM16: pTDP | AN16: yes | AO16: PART | BD16: FTD; ALS
A17: 1833 | B17: A15-30_24_pTDP.svs | C17: E/A15-30 | D17: 24 | E17: http://bdsa.pathology.emory.edu:8080/#item/6731855c900c0c0559ab3065 | F17: 6731855c900c0c0559ab3065 | G17: 2015 | I17: 0 | J17: 66 | K17: 62 | L17: E4/4 | M17: II | N17: 0 | O17: E15-30 | P17: FTD; ALS | Q17: X | R17: 4 | S17: A15-30 | T17: Yes | U17: X | V17: X | Y17: ALS | AA17: X | AB17: 7 | AC17: X | AD17: FTLD-TDP (C9 expansion) | AE17: w | AF17: Honor | AG17: m | AH17: 0 | AI17: 24 | AJ17: E15-30 | AK17: Dorsal root ganglia | AL17: ['Dorsal root ganglia'] | AM17: pTDP | AN17: yes | AO17: PART | BD17: FTD; ALS
A18: 1834 | B18: E15-30_2_pTDP.svs | C18: E15-30 | D18: 2 | E18: http://bdsa.pathology.emory.edu:8080/#item/67318587900c0c0559ab3ba9 | F18: 67318587900c0c0559ab3ba9 | G18: 2015 | I18: 0 | J18: 66 | K18: 62 | L18: E4/4 | M18: II | N18: 0 | O18: E15-30 | P18: FTD; ALS | Q18: X | R18: 4 | S18: A15-30 | T18: Yes | U18: X | V18: X | Y18: ALS | AA18: X | AB18: 7 | AC18: X | AD18: FTLD-TDP (C9 expansion) | AE18: w | AF18: Honor | AG18: m | AH18: 0 | AI18: 2 | AJ18: E15-30 | AK18: Amygdala | AL18: ['Amygdala'] | AM18: pTDP | AN18: yes | AO18: PART | BD18: FTD; ALS
A19: 1835 | B19: E15-30_3_pTDP.svs | C19: E15-30 | D19: 3 | E19: http://bdsa.pathology.emory.edu:8080/#item/67318578900c0c0559ab3867 | F19: 67318578900c0c0559ab3867 | G19: 2015 | I19: 0 | J19: 66 | K19: 62 | L19: E4/4 | M19: II | N19: 0 | O19: E15-30 | P19: FTD; ALS | Q19: X | R19: 4 | S19: A15-30 | T19: Yes | U19: X | V19: X | Y19: ALS | AA19: X | AB19: 7 | AC19: X | AD19: FTLD-TDP (C9 expansion) | AE19: w | AF19: Honor | AG19: m | AH19: 0 | AI19: 3 | AJ19: E15-30 | AK19: Frontal cortex with small infarct | AL19: ['Frontal cortex with small infarct'] | AM19: pTDP | AN19: yes | AO19: PART | BD19: FTD; ALS
A20: 1836 | B20: E15-30_4_pTDP.svs | C20: E15-30 | D20: 4 | E20: http://bdsa.pathology.emory.edu:8080/#item/67318568900c0c0559ab3429 | F20: 67318568900c0c0559ab3429 | G20: 2015 | I20: 0 | J20: 66 | K20: 62 | L20: E4/4 | M20: II | N20: 0 | O20: E15-30 | P20: FTD; ALS | Q20: X | R20: 4 | S20: A15-30 | T20: Yes | U20: X | V20: X | Y20: ALS | AA20: X | AB20: 7 | AC20: X | AD20: FTLD-TDP (C9 expansion) | AE20: w | AF20: Honor | AG20: m | AH20: 0 | AI20: 4 | AJ20: E15-30 | AK20: Temporal cortex with infarct | AL20: ['Temporal cortex with small infarct'] | AM20: pTDP | AN20: yes | AO20: PART | BD20: FTD; ALS
A21: 1837 | B21: E15-30_5_pTDP.svs | C21: E15-30 | D21: 5 | E21: http://bdsa.pathology.emory.edu:8080/#item/67318578900c0c0559ab38ba | F21: 67318578900c0c0559ab38ba | G21: 2015 | I21: 0 | J21: 66 | K21: 62 | L21: E4/4 | M21: II | N21: 0 | O21: E15-30 | P21: FTD; ALS | Q21: X | R21: 4 | S21: A15-30 | T21: Yes | U21: X | V21: X | Y21: ALS | AA21: X | AB21: 7 | AC21: X | AD21: FTLD-TDP (C9 expansion) | AE21: w | AF21: Honor | AG21: m | AH21: 0 | AI21: 5 | AJ21: E15-30 | AK21: Parietal cortex | AL21: ['Parietal cortex'] | AM21: pTDP | AN21: yes | AO21: PART | BD21: FTD; ALS
A22: 1838 | B22: E15-30_6_pTDP.svs | C22: E15-30 | D22: 6 | E22: http://bdsa.pathology.emory.edu:8080/#item/67318549900c0c0559ab2c4b | F22: 67318549900c0c0559ab2c4b | G22: 2015 | I22: 0 | J22: 66 | K22: 62 | L22: E4/4 | M22: II | N22: 0 | O22: E15-30 | P22: FTD; ALS | Q22: X | R22: 4 | S22: A15-30 | T22: Yes | U22: X | V22: X | Y22: ALS | AA22: X | AB22: 7 | AC22: X | AD22: FTLD-TDP (C9 expansion) | AE22: w | AF22: Honor | AG22: m | AH22: 0 | AI22: 6 | AJ22: E15-30 | AK22: Occipital cortex | AL22: ['Occipital cortex'] | AM22: pTDP | AN22: yes | AO22: PART | BD22: FTD; ALS
A23: 1839 | B23: E15-30_7_pTDP.svs | C23: E15-30 | D23: 7 | E23: http://bdsa.pathology.emory.edu:8080/#item/6731855b900c0c0559ab2fce | F23: 6731855b900c0c0559ab2fce | G23: 2015 | I23: 0 | J23: 66 | K23: 62 | L23: E4/4 | M23: II | N23: 0 | O23: E15-30 | P23: FTD; ALS | Q23: X | R23: 4 | S23: A15-30 | T23: Yes | U23: X | V23: X | Y23: ALS | AA23: X | AB23: 7 | AC23: X | AD23: FTLD-TDP (C9 expansion) | AE23: w | AF23: Honor | AG23: m | AH23: 0 | AI23: 7 | AJ23: E15-30 | AK23: Left peri-Rolandic cortex | AL23: ['Left perirolandic cortex'] | AM23: pTDP | AN23: yes | AO23: PART | BD23: FTD; ALS
A24: 1840 | B24: E15-30_8_pTDP.svs | C24: E15-30 | D24: 8 | E24: http://bdsa.pathology.emory.edu:8080/#item/67318558900c0c0559ab2f3e | F24: 67318558900c0c0559ab2f3e | G24: 2015 | I24: 0 | J24: 66 | K24: 62 | L24: E4/4 | M24: II | N24: 0 | O24: E15-30 | P24: FTD; ALS | Q24: X | R24: 4 | S24: A15-30 | T24: Yes | U24: X | V24: X | Y24: ALS | AA24: X | AB24: 7 | AC24: X | AD24: FTLD-TDP (C9 expansion) | AE24: w | AF24: Honor | AG24: m | AH24: 0 | AI24: 8 | AJ24: E15-30 | AK24: Right peri-Rolandic cortex | AL24: ['Right perirolandic cortex'] | AM24: pTDP | AN24: yes | AO24: PART | BD24: FTD; ALS
A25: 1841 | B25: E15-30_10_pTDP.svs | C25: E15-30 | D25: 10 | E25: http://bdsa.pathology.emory.edu:8080/#item/67318583900c0c0559ab3b02 | F25: 67318583900c0c0559ab3b02 | G25: 2015 | I25: 0 | J25: 66 | K25: 62 | L25: E4/4 | M25: II | N25: 0 | O25: E15-30 | P25: FTD; ALS | Q25: X | R25: 4 | S25: A15-30 | T25: Yes | U25: X | V25: X | Y25: ALS | AA25: X | AB25: 7 | AC25: X | AD25: FTLD-TDP (C9 expansion) | AE25: w | AF25: Honor | AG25: m | AH25: 0 | AI25: 10 | AJ25: E15-30 | AK25: Insular cortex | AL25: ['Insular cortex'] | AM25: pTDP | AN25: yes | AO25: PART | BD25: FTD; ALS
A26: 1842 | B26: E15-30_11_pTDP.svs | C26: E15-30 | D26: 11 | E26: http://bdsa.pathology.emory.edu:8080/#item/67318572900c0c0559ab36e0 | F26: 67318572900c0c0559ab36e0 | G26: 2015 | I26: 0 | J26: 66 | K26: 62 | L26: E4/4 | M26: II | N26: 0 | O26: E15-30 | P26: FTD; ALS | Q26: X | R26: 4 | S26: A15-30 | T26: Yes | U26: X | V26: X | Y26: ALS | AA26: X | AB26: 7 | AC26: X | AD26: FTLD-TDP (C9 expansion) | AE26: w | AF26: Honor | AG26: m | AH26: 0 | AI26: 11 | AJ26: E15-30 | AK26: Anterior basal ganglia | AL26: ['Anterior basal ganglia'] | AM26: pTDP | AN26: yes | AO26: PART | BD26: FTD; ALS
A27: 1843 | B27: E15-30_12_pTDP.svs | C27: E15-30 | D27: 12 | E27: http://bdsa.pathology.emory.edu:8080/#item/6731854d900c0c0559ab2d56 | F27: 6731854d900c0c0559ab2d56 | G27: 2015 | I27: 0 | J27: 66 | K27: 62 | L27: E4/4 | M27: II | N27: 0 | O27: E15-30 | P27: FTD; ALS | Q27: X | R27: 4 | S27: A15-30 | T27: Yes | U27: X | V27: X | Y27: ALS | AA27: X | AB27: 7 | AC27: X | AD27: FTLD-TDP (C9 expansion) | AE27: w | AF27: Honor | AG27: m | AH27: 0 | AI27: 12 | AJ27: E15-30 | AK27: Posterior basal ganglia | AL27: ['Posterior basal ganglia'] | AM27: pTDP | AN27: yes | AO27: PART | BD27: FTD; ALS
... A36: 1852 | B36: E15-30_22_pTDP.svs | C36: E15-30 | D36: 22 | E36: http://bdsa.pathology.emory.edu:8080/#item/67318555900c0c0559ab2ed5 | F36: 67318555900c0c0559ab2ed5 | G36: 2015 | I36: 0 | J36: 66 | K36: 62 | L36: E4/4 | M36: II | N36: 0 | O36: E15-30 | P36: FTD; ALS | Q36: X | R36: 4 | S36: A15-30 | T36: Yes | U36: X | V36: X | Y36: ALS | AA36: X | AB36: 7 | AC36: X | AD36: FTLD-TDP (C9 expansion) | AE36: w | AF36: Honor | AG36: m | AH36: 0 | AI36: 22 | AJ36: E15-30 | AK36: Dorsal roots | AL36: ['Dorsal roots'] | AM36: pTDP | AN36: yes | AO36: PART | BD36: FTD; ALS
A37: 1875 | B37: E15-46_2_pTDP.svs | C37: E15-46 | D37: 2 | E37: http://bdsa.pathology.emory.edu:8080/#item/673181d3900c0c0559aa5af6 | F37: 673181d3900c0c0559aa5af6 | G37: 2015 | I37: na | J37: 67 | K37: 58 | M37: na | N37: 0 | O37: E15-46 | P37: FTD; ALS | Q37: X | R37: 9 | S37: A15-46 | T37: Yes | U37: X | V37: X | Y37: ALS | AA37: X | AB37: 4 | AC37: X | AD37: FTLD-TDP (C9 expansion) | AE37: w | AG37: m | AH37: 2 | AI37: 2 | AJ37: E15-46 | AK37: Amygdala | AL37: ['Amygdala'] | AM37: pTDP | AN37: yes | AO37: Tau pathology-mild | AR37: sister = E23-119 | BD37: FTD; ALS
A38: 1876 | B38: E15-46_3_pTDP.svs | C38: E15-46 | D38: 3 | E38: http://bdsa.pathology.emory.edu:8080/#item/673181ed900c0c0559aa61d8 | F38: 673181ed900c0c0559aa61d8 | G38: 2015 | I38: na | J38: 67 | K38: 58 | M38: na | N38: 0 | O38: E15-46 | P38: FTD; ALS | Q38: X | R38: 9 | S38: A15-46 | T38: Yes | U38: X | V38: X | Y38: ALS | AA38: X | AB38: 4 | AC38: X | AD38: FTLD-TDP (C9 expansion) | AE38: w | AG38: m | AH38: 2 | AI38: 3 | AJ38: E15-46 | AK38: Frontal cortex with small infarct | AL38: ['Frontal cortex with small infarct'] | AM38: pTDP | AN38: yes | AO38: Tau pathology-mild | AR38: sister = E23-119 | BD38: FTD; ALS
A39: 1877 | B39: E15-46_4_pTDP.svs | C39: E15-46 | D39: 4 | E39: http://bdsa.pathology.emory.edu:8080/#item/673181dd900c0c0559aa5db9 | F39: 673181dd900c0c0559aa5db9 | G39: 2015 | I39: na | J39: 67 | K39: 58 | M39: na | N39: 0 | O39: E15-46 | P39: FTD; ALS | Q39: X | R39: 9 | S39: A15-46 | T39: Yes | U39: X | V39: X | Y39: ALS | AA39: X | AB39: 4 | AC39: X | AD39: FTLD-TDP (C9 expansion) | AE39: w | AG39: m | AH39: 2 | AI39: 4 | AJ39: E15-46 | AK39: Temporal cortex with infarct | AL39: ['Temporal cortex with small infarct'] | AM39: pTDP | AN39: yes | AO39: Tau pathology-mild | AR39: sister = E23-119 | BD39: FTD; ALS
A40: 1878 | B40: E15-46_5_pTDP.svs | C40: E15-46 | D40: 5 | E40: http://bdsa.pathology.emory.edu:8080/#item/673181c0900c0c0559aa569c | F40: 673181c0900c0c0559aa569c | G40: 2015 | I40: na | J40: 67 | K40: 58 | M40: na | N40: 0 | O40: E15-46 | P40: FTD; ALS | Q40: X | R40: 9 | S40: A15-46 | T40: Yes | U40: X | V40: X | Y40: ALS | AA40: X | AB40: 4 | AC40: X | AD40: FTLD-TDP (C9 expansion) | AE40: w | AG40: m | AH40: 2 | AI40: 5 | AJ40: E15-46 | AK40: Parietal cortex | AL40: ['Parietal cortex'] | AM40: pTDP | AN40: yes | AO40: Tau pathology-mild | AR40: sister = E23-119 | BD40: FTD; ALS
A41: 1879 | B41: E15-46_6_pTDP.svs | C41: E15-46 | D41: 6 | E41: http://bdsa.pathology.emory.edu:8080/#item/673181bc900c0c0559aa55e3 | F41: 673181bc900c0c0559aa55e3 | G41: 2015 | I41: na | J41: 67 | K41: 58 | M41: na | N41: 0 | O41: E15-46 | P41: FTD; ALS | Q41: X | R41: 9 | S41: A15-46 | T41: Yes | U41: X | V41: X | Y41: ALS | AA41: X | AB41: 4 | AC41: X | AD41: FTLD-TDP (C9 expansion) | AE41: w | AG41: m | AH41: 2 | AI41: 6 | AJ41: E15-46 | AK41: Occipital cortex | AL41: ['Occipital cortex'] | AM41: pTDP | AN41: yes | AO41: Tau pathology-mild | AR41: sister = E23-119 | BD41: FTD; ALS
A42: 1880 | B42: E15-46_7_pTDP.svs | C42: E15-46 | D42: 7 | E42: http://bdsa.pathology.emory.edu:8080/#item/6731819d900c0c0559aa4eea | F42: 6731819d900c0c0559aa4eea | G42: 2015 | I42: na | J42: 67 | K42: 58 | M42: na | N42: 0 | O42: E15-46 | P42: FTD; ALS | Q42: X | R42: 9 | S42: A15-46 | T42: Yes | U42: X | V42: X | Y42: ALS | AA42: X | AB42: 4 | AC42: X | AD42: FTLD-TDP (C9 expansion) | AE42: w | AG42: m | AH42: 2 | AI42: 7 | AJ42: E15-46 | AK42: Left peri-Rolandic cortex | AL42: ['Left perirolandic cortex'] | AM42: pTDP | AN42: yes | AO42: Tau pathology-mild | AR42: sister = E23-119 | BD42: FTD; ALS
A43: 1881 | B43: E15-46_8_pTDP.svs | C43: E15-46 | D43: 8 | E43: http://bdsa.pathology.emory.edu:8080/#item/6731819d900c0c0559aa4ea7 | F43: 6731819d900c0c0559aa4ea7 | G43: 2015 | I43: na | J43: 67 | K43: 58 | M43: na | N43: 0 | O43: E15-46 | P43: FTD; ALS | Q43: X | R43: 9 | S43: A15-46 | T43: Yes | U43: X | V43: X | Y43: ALS | AA43: X | AB43: 4 | AC43: X | AD43: FTLD-TDP (C9 expansion) | AE43: w | AG43: m | AH43: 2 | AI43: 8 | AJ43: E15-46 | AK43: Right peri-Rolandic cortex | AL43: ['Right perirolandic cortex'] | AM43: pTDP | AN43: yes | AO43: Tau pathology-mild | AR43: sister = E23-119 | BD43: FTD; ALS
A44: 1882 | B44: E15-46_10_pTDP.svs | C44: E15-46 | D44: 10 | E44: http://bdsa.pathology.emory.edu:8080/#item/67318198900c0c0559aa4dbe | F44: 67318198900c0c0559aa4dbe | G44: 2015 | I44: na | J44: 67 | K44: 58 | M44: na | N44: 0 | O44: E15-46 | P44: FTD; ALS | Q44: X | R44: 9 | S44: A15-46 | T44: Yes | U44: X | V44: X | Y44: ALS | AA44: X | AB44: 4 | AC44: X | AD44: FTLD-TDP (C9 expansion) | AE44: w | AG44: m | AH44: 2 | AI44: 10 | AJ44: E15-46 | AK44: Insular cortex | AL44: ['Insular cortex'] | AM44: pTDP | AN44: yes | AO44: Tau pathology-mild | AR44: sister = E23-119 | BD44: FTD; ALS
A45: 1883 | B45: E15-46_11_pTDP.svs | C45: E15-46 | D45: 11 | E45: http://bdsa.pathology.emory.edu:8080/#item/673181aa900c0c0559aa5185 | F45: 673181aa900c0c0559aa5185 | G45: 2015 | I45: na | J45: 67 | K45: 58 | M45: na | N45: 0 | O45: E15-46 | P45: FTD; ALS | Q45: X | R45: 9 | S45: A15-46 | T45: Yes | U45: X | V45: X | Y45: ALS | AA45: X | AB45: 4 | AC45: X | AD45: FTLD-TDP (C9 expansion) | AE45: w | AG45: m | AH45: 2 | AI45: 11 | AJ45: E15-46 | AK45: Anterior basal ganglia | AL45: ['Anterior basal ganglia'] | AM45: pTDP | AN45: yes | AO45: Tau pathology-mild | AR45: sister = E23-119 | BD45: FTD; ALS
A46: 1884 | B46: E15-46_12_pTDP.svs | C46: E15-46 | D46: 12 | E46: http://bdsa.pathology.emory.edu:8080/#item/673181d5900c0c0559aa5b4b | F46: 673181d5900c0c0559aa5b4b | G46: 2015 | I46: na | J46: 67 | K46: 58 | M46: na | N46: 0 | O46: E15-46 | P46: FTD; ALS | Q46: X | R46: 9 | S46: A15-46 | T46: Yes | U46: X | V46: X | Y46: ALS | AA46: X | AB46: 4 | AC46: X | AD46: FTLD-TDP (C9 expansion) | AE46: w | AG46: m | AH46: 2 | AI46: 12 | AJ46: E15-46 | AK46: Posterior basal ganglia | AL46: ['Posterior basal ganglia'] | AM46: pTDP | AN46: yes | AO46: Tau pathology-mild | AR46: sister = E23-119 | BD46: FTD; ALS
A47: 1885 | B47: E15-46_13_pTDP.svs | C47: E15-46 | D47: 13 | E47: http://bdsa.pathology.emory.edu:8080/#item/673181e1900c0c0559aa5eed | F47: 673181e1900c0c0559aa5eed | G47: 2015 | I47: na | J47: 67 | K47: 58 | M47: na | N47: 0 | O47: E15-46 | P47: FTD; ALS | Q47: X | R47: 9 | S47: A15-46 | T47: Yes | U47: X | V47: X | Y47: ALS | AA47: X | AB47: 4 | AC47: X | AD47: FTLD-TDP (C9 expansion) | AE47: w | AG47: m | AH47: 2 | AI47: 13 | AJ47: E15-46 | AK47: Hypothalamus | AL47: ['Hypothalamus'] | AM47: pTDP | AN47: yes | AO47: Tau pathology-mild | AR47: sister = E23-119 | BD47: FTD; ALS
A48: 1886 | B48: E15-46_14_pTDP.svs | C48: E15-46 | D48: 14 | E48: http://bdsa.pathology.emory.edu:8080/#item/673181d8900c0c0559aa5c66 | F48: 673181d8900c0c0559aa5c66 | G48: 2015 | I48: na | J48: 67 | K48: 58 | M48: na | N48: 0 | O48: E15-46 | P48: FTD; ALS | Q48: X | R48: 9 | S48: A15-46 | T48: Yes | U48: X | V48: X | Y48: ALS | AA48: X | AB48: 4 | AC48: X | AD48: FTLD-TDP (C9 expansion) | AE48: w | AG48: m | AH48: 2 | AI48: 14 | AJ48: E15-46 | AK48: Thalamus | AL48: ['Thalamus'] | AM48: pTDP | AN48: yes | AO48: Tau pathology-mild | AR48: sister = E23-119 | BD48: FTD; ALS
... A56: 1894 | B56: E15-46_23_pTDP.svs | C56: E15-46 | D56: 23 | E56: http://bdsa.pathology.emory.edu:8080/#item/673181e6900c0c0559aa606c | F56: 673181e6900c0c0559aa606c | G56: 2015 | I56: na | J56: 67 | K56: 58 | M56: na | N56: 0 | O56: E15-46 | P56: FTD; ALS | Q56: X | R56: 9 | S56: A15-46 | T56: Yes | U56: X | V56: X | Y56: ALS | AA56: X | AB56: 4 | AC56: X | AD56: FTLD-TDP (C9 expansion) | AE56: w | AG56: m | AH56: 2 | AI56: 23 | AJ56: E15-46 | AK56: Dorsal root ganglia | AL56: ['Dorsal root ganglia'] | AM56: pTDP | AN56: yes | AO56: Tau pathology-mild | AR56: sister = E23-119 | BD56: FTD; ALS
A57: 530 | B57: E21-95_pTDP_1.svs | C57: E21-95 | D57: 1 | E57: http://bdsa.pathology.emory.edu:8080/#item/67314834900c0c05599ca727 | F57: 67314834900c0c05599ca727 | G57: 2021 | I57: 1 | J57: 72 | K57: 65 | M57: IV | N57: 0 | O57: E21-95 | P57: FTD+ALS | Q57: X | R57: 7 | S57: A21-95 | T57: Yes | U57: X | V57: X | Y57: ALS (C9 expansion) | AA57: X | AB57: 9 | AC57: X | AD57: FTLD-TDP (C9 expansion) | AE57: w | AF57: BDS | AG57: m | AH57: 1 | AI57: 1 | AJ57: E21-95 | AK57: Hippocampus | AL57: ['Hippocampus'] | AM57: pTDP | AN57: yes | AO57: PART | BD57: FTD+ALS
A58: 531 | B58: E21-95_pTDP_2.svs | C58: E21-95 | D58: 2 | E58: http://bdsa.pathology.emory.edu:8080/#item/673147f9900c0c05599c9a6a | F58: 673147f9900c0c05599c9a6a | G58: 2021 | I58: 1 | J58: 72 | K58: 65 | M58: IV | N58: 0 | O58: E21-95 | P58: FTD+ALS | Q58: X | R58: 7 | S58: A21-95 | T58: Yes | U58: X | V58: X | Y58: ALS (C9 expansion) | AA58: X | AB58: 9 | AC58: X | AD58: FTLD-TDP (C9 expansion) | AE58: w | AF58: BDS | AG58: m | AH58: 1 | AI58: 2 | AJ58: E21-95 | AK58: Amygdala | AL58: ['Amygdala'] | AM58: pTDP | AN58: yes | AO58: PART | BD58: FTD+ALS
A59: 532 | B59: E21-95_pTDP_3.svs | C59: E21-95 | D59: 3 | E59: http://bdsa.pathology.emory.edu:8080/#item/67314803900c0c05599c9c98 | F59: 67314803900c0c05599c9c98 | G59: 2021 | I59: 1 | J59: 72 | K59: 65 | M59: IV | N59: 0 | O59: E21-95 | P59: FTD+ALS | Q59: X | R59: 7 | S59: A21-95 | T59: Yes | U59: X | V59: X | Y59: ALS (C9 expansion) | AA59: X | AB59: 9 | AC59: X | AD59: FTLD-TDP (C9 expansion) | AE59: w | AF59: BDS | AG59: m | AH59: 1 | AI59: 3 | AJ59: E21-95 | AK59: Frontal cortex | AL59: ['Frontal cortex'] | AM59: pTDP | AN59: yes | AO59: PART | BD59: FTD+ALS
A60: 533 | B60: E21-95_pTDP_4.svs | C60: E21-95 | D60: 4 | E60: http://bdsa.pathology.emory.edu:8080/#item/67314805900c0c05599c9d30 | F60: 67314805900c0c05599c9d30 | G60: 2021 | I60: 1 | J60: 72 | K60: 65 | M60: IV | N60: 0 | O60: E21-95 | P60: FTD+ALS | Q60: X | R60: 7 | S60: A21-95 | T60: Yes | U60: X | V60: X | Y60: ALS (C9 expansion) | AA60: X | AB60: 9 | AC60: X | AD60: FTLD-TDP (C9 expansion) | AE60: w | AF60: BDS | AG60: m | AH60: 1 | AI60: 4 | AJ60: E21-95 | AK60: Temporal cortex | AL60: ['Temporal cortex'] | AM60: pTDP | AN60: yes | AO60: PART | BD60: FTD+ALS
A61: 534 | B61: E21-95_pTDP_5.svs | C61: E21-95 | D61: 5 | E61: http://bdsa.pathology.emory.edu:8080/#item/673147f6900c0c05599c999d | F61: 673147f6900c0c05599c999d | G61: 2021 | I61: 1 | J61: 72 | K61: 65 | M61: IV | N61: 0 | O61: E21-95 | P61: FTD+ALS | Q61: X | R61: 7 | S61: A21-95 | T61: Yes | U61: X | V61: X | Y61: ALS (C9 expansion) | AA61: X | AB61: 9 | AC61: X | AD61: FTLD-TDP (C9 expansion) | AE61: w | AF61: BDS | AG61: m | AH61: 1 | AI61: 5 | AJ61: E21-95 | AK61: Parietal cortex | AL61: ['Parietal cortex'] | AM61: pTDP | AN61: yes | AO61: PART | BD61: FTD+ALS
A62: 535 | B62: E21-95_pTDP_6.svs | C62: E21-95 | D62: 6 | E62: http://bdsa.pathology.emory.edu:8080/#item/67314835900c0c05599ca7a7 | F62: 67314835900c0c05599ca7a7 | G62: 2021 | I62: 1 | J62: 72 | K62: 65 | M62: IV | N62: 0 | O62: E21-95 | P62: FTD+ALS | Q62: X | R62: 7 | S62: A21-95 | T62: Yes | U62: X | V62: X | Y62: ALS (C9 expansion) | AA62: X | AB62: 9 | AC62: X | AD62: FTLD-TDP (C9 expansion) | AE62: w | AF62: BDS | AG62: m | AH62: 1 | AI62: 6 | AJ62: E21-95 | AK62: Occipital cortex | AL62: ['Occipital cortex'] | AM62: pTDP | AN62: yes | AO62: PART | BD62: FTD+ALS
A63: 536 | B63: E21-95_pTDP_7.svs | C63: E21-95 | D63: 7 | E63: http://bdsa.pathology.emory.edu:8080/#item/6731481a900c0c05599ca076 | F63: 6731481a900c0c05599ca076 | G63: 2021 | I63: 1 | J63: 72 | K63: 65 | M63: IV | N63: 0 | O63: E21-95 | P63: FTD+ALS | Q63: X | R63: 7 | S63: A21-95 | T63: Yes | U63: X | V63: X | Y63: ALS (C9 expansion) | AA63: X | AB63: 9 | AC63: X | AD63: FTLD-TDP (C9 expansion) | AE63: w | AF63: BDS | AG63: m | AH63: 1 | AI63: 7 | AJ63: E21-95 | AK63: Left peri-Rolandic cortex | AL63: ['Left peri-Rolandic cortex'] | AM63: pTDP | AN63: yes | AO63: PART | BD63: FTD+ALS
A64: 537 | B64: E21-95_pTDP_8.svs | C64: E21-95 | D64: 8 | E64: http://bdsa.pathology.emory.edu:8080/#item/6731482f900c0c05599ca652 | F64: 6731482f900c0c05599ca652 | G64: 2021 | I64: 1 | J64: 72 | K64: 65 | M64: IV | N64: 0 | O64: E21-95 | P64: FTD+ALS | Q64: X | R64: 7 | S64: A21-95 | T64: Yes | U64: X | V64: X | Y64: ALS (C9 expansion) | AA64: X | AB64: 9 | AC64: X | AD64: FTLD-TDP (C9 expansion) | AE64: w | AF64: BDS | AG64: m | AH64: 1 | AI64: 8 | AJ64: E21-95 | AK64: Cingulate cortex | AL64: ['Cingulate cortex'] | AM64: pTDP | AN64: yes | AO64: PART | BD64: FTD+ALS
A65: 538 | B65: E21-95_pTDP_9.svs | C65: E21-95 | D65: 9 | E65: http://bdsa.pathology.emory.edu:8080/#item/67314820900c0c05599ca23b | F65: 67314820900c0c05599ca23b | G65: 2021 | I65: 1 | J65: 72 | K65: 65 | M65: IV | N65: 0 | O65: E21-95 | P65: FTD+ALS | Q65: X | R65: 7 | S65: A21-95 | T65: Yes | U65: X | V65: X | Y65: ALS (C9 expansion) | AA65: X | AB65: 9 | AC65: X | AD65: FTLD-TDP (C9 expansion) | AE65: w | AF65: BDS | AG65: m | AH65: 1 | AI65: 9 | AJ65: E21-95 | AK65: Anterior basal ganglia and insular cortex | AL65: ['Anterior basal ganglia and insular cortex'] | AM65: pTDP | AN65: yes | AO65: PART | BD65: FTD+ALS
A66: 539 | B66: E21-95_pTDP_10.svs | C66: E21-95 | D66: 10 | E66: http://bdsa.pathology.emory.edu:8080/#item/6731480a900c0c05599c9e1b | F66: 6731480a900c0c05599c9e1b | G66: 2021 | I66: 1 | J66: 72 | K66: 65 | M66: IV | N66: 0 | O66: E21-95 | P66: FTD+ALS | Q66: X | R66: 7 | S66: A21-95 | T66: Yes | U66: X | V66: X | Y66: ALS (C9 expansion) | AA66: X | AB66: 9 | AC66: X | AD66: FTLD-TDP (C9 expansion) | AE66: w | AF66: BDS | AG66: m | AH66: 1 | AI66: 10 | AJ66: E21-95 | AK66: Posterior basal ganglia | AL66: ['Posterior basal ganglia'] | AM66: pTDP | AN66: yes | AO66: PART | BD66: FTD+ALS
A67: 540 | B67: E21-95_pTDP_11.svs | C67: E21-95 | D67: 11 | E67: http://bdsa.pathology.emory.edu:8080/#item/673147f3900c0c05599c98eb | F67: 673147f3900c0c05599c98eb | G67: 2021 | I67: 1 | J67: 72 | K67: 65 | M67: IV | N67: 0 | O67: E21-95 | P67: FTD+ALS | Q67: X | R67: 7 | S67: A21-95 | T67: Yes | U67: X | V67: X | Y67: ALS (C9 expansion) | AA67: X | AB67: 9 | AC67: X | AD67: FTLD-TDP (C9 expansion) | AE67: w | AF67: BDS | AG67: m | AH67: 1 | AI67: 11 | AJ67: E21-95 | AK67: Hypothalamus | AL67: ['Hypothalamus'] | AM67: pTDP | AN67: yes | AO67: PART | BD67: FTD+ALS
A68: 541 | B68: E21-95_pTDP_12.svs | C68: E21-95 | D68: 12 | E68: http://bdsa.pathology.emory.edu:8080/#item/6731482e900c0c05599ca636 | F68: 6731482e900c0c05599ca636 | G68: 2021 | I68: 1 | J68: 72 | K68: 65 | M68: IV | N68: 0 | O68: E21-95 | P68: FTD+ALS | Q68: X | R68: 7 | S68: A21-95 | T68: Yes | U68: X | V68: X | Y68: ALS (C9 expansion) | AA68: X | AB68: 9 | AC68: X | AD68: FTLD-TDP (C9 expansion) | AE68: w | AF68: BDS | AG68: m | AH68: 1 | AI68: 12 | AJ68: E21-95 | AK68: Thalamus | AL68: ['Thalamus'] | AM68: pTDP | AN68: yes | AO68: PART | BD68: FTD+ALS
... A78: 551 | B78: E21-95_pTDP_22.svs | C78: E21-95 | D78: 22 | E78: http://bdsa.pathology.emory.edu:8080/#item/67314809900c0c05599c9dac | F78: 67314809900c0c05599c9dac | G78: 2021 | I78: 1 | J78: 72 | K78: 65 | M78: IV | N78: 0 | O78: E21-95 | P78: FTD+ALS | Q78: X | R78: 7 | S78: A21-95 | T78: Yes | U78: X | V78: X | Y78: ALS (C9 expansion) | AA78: X | AB78: 9 | AC78: X | AD78: FTLD-TDP (C9 expansion) | AE78: w | AF78: BDS | AG78: m | AH78: 1 | AI78: 22 | AJ78: E21-95 | AK78: Paraspinal muscle | AL78: ['Paraspinal muscle'] | AM78: pTDP | AN78: yes | AO78: PART | BD78: FTD+ALS
A79: 1895 | B79: E15-55_pTDP_1.svs | C79: E15-55 | D79: 1 | E79: http://bdsa.pathology.emory.edu:8080/#item/6731824a900c0c0559aa7773 | F79: 6731824a900c0c0559aa7773 | G79: 2015 | I79: 3 | J79: 78 | K79: 66 | L79: E3/4 | M79: VI | N79: 3 | O79: E15-55 | P79: AD | Q79: X | R79: 12 | S79: A15-55 | T79: No | U79: X | V79: X | W79: LBD-neocortical | X79: Sclerosis-Am,Ento | Y79: FTLD-TDP | AA79: X | AB79: 5 | AC79: X | AD79: AD | AE79: w | AF79: Honor | AG79: m | AH79: 5 | AI79: 1 | AJ79: E15-55 | AK79: Hippocampus | AL79: ['Hippocampus'] | AM79: pTDP | AN79: yes | BD79: AD
A80: 1896 | B80: E15-55_pTDP_2.svs | C80: E15-55 | D80: 2 | E80: http://bdsa.pathology.emory.edu:8080/#item/67318268900c0c0559aa7e48 | F80: 67318268900c0c0559aa7e48 | G80: 2015 | I80: 3 | J80: 78 | K80: 66 | L80: E3/4 | M80: VI | N80: 3 | O80: E15-55 | P80: AD | Q80: X | R80: 12 | S80: A15-55 | T80: No | U80: X | V80: X | W80: LBD-neocortical | X80: Sclerosis-Am,Ento | Y80: FTLD-TDP | AA80: X | AB80: 5 | AC80: X | AD80: AD | AE80: w | AF80: Honor | AG80: m | AH80: 5 | AI80: 2 | AJ80: E15-55 | AK80: Amygdala | AL80: ['Amygdala'] | AM80: pTDP | AN80: yes | BD80: AD
A81: 1897 | B81: E15-55_pTDP_3.svs | C81: E15-55 | D81: 3 | E81: http://bdsa.pathology.emory.edu:8080/#item/67318283900c0c0559aa8508 | F81: 67318283900c0c0559aa8508 | G81: 2015 | I81: 3 | J81: 78 | K81: 66 | L81: E3/4 | M81: VI | N81: 3 | O81: E15-55 | P81: AD | Q81: X | R81: 12 | S81: A15-55 | T81: No | U81: X | V81: X | W81: LBD-neocortical | X81: Sclerosis-Am,Ento | Y81: FTLD-TDP | AA81: X | AB81: 5 | AC81: X | AD81: AD | AE81: w | AF81: Honor | AG81: m | AH81: 5 | AI81: 3 | AJ81: E15-55 | AK81: Frontal cortex with small infarct | AL81: ['Frontal cortex with small infarct'] | AM81: pTDP | AN81: yes | BD81: AD
A82: 1898 | B82: E15-55_pTDP_4.svs | C82: E15-55 | D82: 4 | E82: http://bdsa.pathology.emory.edu:8080/#item/67318283900c0c0559aa8520 | F82: 67318283900c0c0559aa8520 | G82: 2015 | I82: 3 | J82: 78 | K82: 66 | L82: E3/4 | M82: VI | N82: 3 | O82: E15-55 | P82: AD | Q82: X | R82: 12 | S82: A15-55 | T82: No | U82: X | V82: X | W82: LBD-neocortical | X82: Sclerosis-Am,Ento | Y82: FTLD-TDP | AA82: X | AB82: 5 | AC82: X | AD82: AD | AE82: w | AF82: Honor | AG82: m | AH82: 5 | AI82: 4 | AJ82: E15-55 | AK82: Temporal cortex with infarct | AL82: ['Temporal cortex with infarct'] | AM82: pTDP | AN82: yes | BD82: AD
A83: 1899 | B83: E15-55_pTDP_5.svs | C83: E15-55 | D83: 5 | E83: http://bdsa.pathology.emory.edu:8080/#item/67318266900c0c0559aa7df2 | F83: 67318266900c0c0559aa7df2 | G83: 2015 | I83: 3 | J83: 78 | K83: 66 | L83: E3/4 | M83: VI | N83: 3 | O83: E15-55 | P83: AD | Q83: X | R83: 12 | S83: A15-55 | T83: No | U83: X | V83: X | W83: LBD-neocortical | X83: Sclerosis-Am,Ento | Y83: FTLD-TDP | AA83: X | AB83: 5 | AC83: X | AD83: AD | AE83: w | AF83: Honor | AG83: m | AH83: 5 | AI83: 5 | AJ83: E15-55 | AK83: Parietal cortex | AL83: ['Parietal cortex'] | AM83: pTDP | AN83: yes | BD83: AD
A84: 1900 | B84: E15-55_pTDP_6.svs | C84: E15-55 | D84: 6 | E84: http://bdsa.pathology.emory.edu:8080/#item/6731824b900c0c0559aa7777 | F84: 6731824b900c0c0559aa7777 | G84: 2015 | I84: 3 | J84: 78 | K84: 66 | L84: E3/4 | M84: VI | N84: 3 | O84: E15-55 | P84: AD | Q84: X | R84: 12 | S84: A15-55 | T84: No | U84: X | V84: X | W84: LBD-neocortical | X84: Sclerosis-Am,Ento | Y84: FTLD-TDP | AA84: X | AB84: 5 | AC84: X | AD84: AD | AE84: w | AF84: Honor | AG84: m | AH84: 5 | AI84: 6 | AJ84: E15-55 | AK84: Occipital cortex | AL84: ['Occipital cortex'] | AM84: pTDP | AN84: yes | BD84: AD
A85: 1901 | B85: E15-55_pTDP_7.svs | C85: E15-55 | D85: 7 | E85: http://bdsa.pathology.emory.edu:8080/#item/6731823f900c0c0559aa74d5 | F85: 6731823f900c0c0559aa74d5 | G85: 2015 | I85: 3 | J85: 78 | K85: 66 | L85: E3/4 | M85: VI | N85: 3 | O85: E15-55 | P85: AD | Q85: X | R85: 12 | S85: A15-55 | T85: No | U85: X | V85: X | W85: LBD-neocortical | X85: Sclerosis-Am,Ento | Y85: FTLD-TDP | AA85: X | AB85: 5 | AC85: X | AD85: AD | AE85: w | AF85: Honor | AG85: m | AH85: 5 | AI85: 7 | AJ85: E15-55 | AK85: Left peri-Rolandic cortex | AL85: ['Left perirolandic cortex'] | AM85: pTDP | AN85: yes | BD85: AD
A86: 1902 | B86: E15-55_pTDP_9.svs | C86: E15-55 | D86: 9 | E86: http://bdsa.pathology.emory.edu:8080/#item/6731823e900c0c0559aa74d1 | F86: 6731823e900c0c0559aa74d1 | G86: 2015 | I86: 3 | J86: 78 | K86: 66 | L86: E3/4 | M86: VI | N86: 3 | O86: E15-55 | P86: AD | Q86: X | R86: 12 | S86: A15-55 | T86: No | U86: X | V86: X | W86: LBD-neocortical | X86: Sclerosis-Am,Ento | Y86: FTLD-TDP | AA86: X | AB86: 5 | AC86: X | AD86: AD | AE86: w | AF86: Honor | AG86: m | AH86: 5 | AI86: 9 | AJ86: E15-55 | AK86: Cingulate cortex | AL86: ['Cingulate cortex'] | AM86: pTDP | AN86: yes | BD86: AD
A87: 1903 | B87: E15-55_pTDP_10.svs | C87: E15-55 | D87: 10 | E87: http://bdsa.pathology.emory.edu:8080/#item/67318277900c0c0559aa827a | F87: 67318277900c0c0559aa827a | G87: 2015 | I87: 3 | J87: 78 | K87: 66 | L87: E3/4 | M87: VI | N87: 3 | O87: E15-55 | P87: AD | Q87: X | R87: 12 | S87: A15-55 | T87: No | U87: X | V87: X | W87: LBD-neocortical | X87: Sclerosis-Am,Ento | Y87: FTLD-TDP | AA87: X | AB87: 5 | AC87: X | AD87: AD | AE87: w | AF87: Honor | AG87: m | AH87: 5 | AI87: 10 | AJ87: E15-55 | AK87: Insular cortex and anterior basal ganglia | AL87: ['Insular cortex and anterior basal ganglia'] | AM87: pTDP | AN87: yes | BD87: AD
A88: 1904 | B88: E15-55_pTDP_11.svs | C88: E15-55 | D88: 11 | E88: http://bdsa.pathology.emory.edu:8080/#item/6731825d900c0c0559aa7c39 | F88: 6731825d900c0c0559aa7c39 | G88: 2015 | I88: 3 | J88: 78 | K88: 66 | L88: E3/4 | M88: VI | N88: 3 | O88: E15-55 | P88: AD | Q88: X | R88: 12 | S88: A15-55 | T88: No | U88: X | V88: X | W88: LBD-neocortical | X88: Sclerosis-Am,Ento | Y88: FTLD-TDP | AA88: X | AB88: 5 | AC88: X | AD88: AD | AE88: w | AF88: Honor | AG88: m | AH88: 5 | AI88: 11 | AJ88: E15-55 | AK88: Posterior basal ganglia | AL88: ['Posterior basal ganglia'] | AM88: pTDP | AN88: yes | BD88: AD
A89: 1905 | B89: E15-55_pTDP_12.svs | C89: E15-55 | D89: 12 | E89: http://bdsa.pathology.emory.edu:8080/#item/67318256900c0c0559aa7a10 | F89: 67318256900c0c0559aa7a10 | G89: 2015 | I89: 3 | J89: 78 | K89: 66 | L89: E3/4 | M89: VI | N89: 3 | O89: E15-55 | P89: AD | Q89: X | R89: 12 | S89: A15-55 | T89: No | U89: X | V89: X | W89: LBD-neocortical | X89: Sclerosis-Am,Ento | Y89: FTLD-TDP | AA89: X | AB89: 5 | AC89: X | AD89: AD | AE89: w | AF89: Honor | AG89: m | AH89: 5 | AI89: 12 | AJ89: E15-55 | AK89: Hypothalamus | AL89: ['Hypothalamus'] | AM89: pTDP | AN89: yes | BD89: AD
A90: 1906 | B90: E15-55_pTDP_13.svs | C90: E15-55 | D90: 13 | E90: http://bdsa.pathology.emory.edu:8080/#item/67318247900c0c0559aa76f8 | F90: 67318247900c0c0559aa76f8 | G90: 2015 | I90: 3 | J90: 78 | K90: 66 | L90: E3/4 | M90: VI | N90: 3 | O90: E15-55 | P90: AD | Q90: X | R90: 12 | S90: A15-55 | T90: No | U90: X | V90: X | W90: LBD-neocortical | X90: Sclerosis-Am,Ento | Y90: FTLD-TDP | AA90: X | AB90: 5 | AC90: X | AD90: AD | AE90: w | AF90: Honor | AG90: m | AH90: 5 | AI90: 13 | AJ90: E15-55 | AK90: Thalamus | AL90: ['Thalamus'] | AM90: pTDP | AN90: yes | BD90: AD
... A96: 1912 | B96: E15-55_pTDP_20.svs | C96: E15-55 | D96: 20 | E96: http://bdsa.pathology.emory.edu:8080/#item/6731825a900c0c0559aa7b91 | F96: 6731825a900c0c0559aa7b91 | G96: 2015 | I96: 3 | J96: 78 | K96: 66 | L96: E3/4 | M96: VI | N96: 3 | O96: E15-55 | P96: AD | Q96: X | R96: 12 | S96: A15-55 | T96: No | U96: X | V96: X | W96: LBD-neocortical | X96: Sclerosis-Am,Ento | Y96: FTLD-TDP | AA96: X | AB96: 5 | AC96: X | AD96: AD | AE96: w | AF96: Honor | AG96: m | AH96: 5 | AI96: 20 | AJ96: E15-55 | AK96: Lower spinal cord | AL96: ['Lower spinal cord'] | AM96: pTDP | AN96: yes | BD96: AD
A97: 1751 | B97: OS160608_1_pTDP.svs | C97: OS160608 | D97: 1 | E97: http://bdsa.pathology.emory.edu:8080/#item/6731a9cc900c0c0559b30d27 | F97: 6731a9cc900c0c0559b30d27 | G97: 2016 | I97: 3 | J97: 72 | K97: 60 | M97: VI | N97: 3 | O97: OS-160608 | Q97: X | R97: 12 | V97: X | X97: Sclerosis-Hp,Am | Y97: FTLD-TDP | AC97: X | AD97: AD | AE97: w | AG97: m | AH97: 5 | AI97: 1 | AJ97: OS160608 | AK97: Hippocampus | AM97: pTDP | AN97: yes | AQ97: X
A98: 1752 | B98: OS160608_2_pTDP.svs | C98: OS160608 | D98: 2 | E98: http://bdsa.pathology.emory.edu:8080/#item/6731a9e5900c0c0559b31251 | F98: 6731a9e5900c0c0559b31251 | G98: 2016 | I98: 3 | J98: 72 | K98: 60 | M98: VI | N98: 3 | O98: OS-160608 | Q98: X | R98: 12 | V98: X | X98: Sclerosis-Hp,Am | Y98: FTLD-TDP | AC98: X | AD98: AD | AE98: w | AG98: m | AH98: 5 | AI98: 2 | AJ98: OS160608 | AK98: Amygdala | AM98: pTDP | AN98: yes | AQ98: X
A99: 1753 | B99: OS160608_3_pTDP.svs | C99: OS160608 | D99: 3 | E99: http://bdsa.pathology.emory.edu:8080/#item/6731a9f5900c0c0559b315ad | F99: 6731a9f5900c0c0559b315ad | G99: 2016 | I99: 3 | J99: 72 | K99: 60 | M99: VI | N99: 3 | O99: OS-160608 | Q99: X | R99: 12 | V99: X | X99: Sclerosis-Hp,Am | Y99: FTLD-TDP | AC99: X | AD99: AD | AE99: w | AG99: m | AH99: 5 | AI99: 3 | AJ99: OS160608 | AK99: Frontal cortex | AM99: pTDP | AN99: yes | AQ99: X
A100: 1754 | B100: OS160608_4_pTDP.svs | C100: OS160608 | D100: 4 | E100: http://bdsa.pathology.emory.edu:8080/#item/6731a9ed900c0c0559b3134e | F100: 6731a9ed900c0c0559b3134e | G100: 2016 | I100: 3 | J100: 72 | K100: 60 | M100: VI | N100: 3 | O100: OS-160608 | Q100: X | R100: 12 | V100: X | X100: Sclerosis-Hp,Am | Y100: FTLD-TDP | AC100: X | AD100: AD | AE100: w | AG100: m | AH100: 5 | AI100: 4 | AJ100: OS160608 | AK100: Temporal cortex | AM100: pTDP | AN100: yes | AQ100: X
A101: 1755 | B101: OS160608_5_pTDP.svs | C101: OS160608 | D101: 5 | E101: http://bdsa.pathology.emory.edu:8080/#item/6731a9e0900c0c0559b311b3 | F101: 6731a9e0900c0c0559b311b3 | G101: 2016 | I101: 3 | J101: 72 | K101: 60 | M101: VI | N101: 3 | O101: OS-160608 | Q101: X | R101: 12 | V101: X | X101: Sclerosis-Hp,Am | Y101: FTLD-TDP | AC101: X | AD101: AD | AE101: w | AG101: m | AH101: 5 | AI101: 5 | AJ101: OS160608 | AK101: Parietal cortex | AM101: pTDP | AN101: yes | AQ101: X
A102: 1756 | B102: OS160608_6_pTDP.svs | C102: OS160608 | D102: 6 | E102: http://bdsa.pathology.emory.edu:8080/#item/6731a9d4900c0c0559b30f19 | F102: 6731a9d4900c0c0559b30f19 | G102: 2016 | I102: 3 | J102: 72 | K102: 60 | M102: VI | N102: 3 | O102: OS-160608 | Q102: X | R102: 12 | V102: X | X102: Sclerosis-Hp,Am | Y102: FTLD-TDP | AC102: X | AD102: AD | AE102: w | AG102: m | AH102: 5 | AI102: 6 | AJ102: OS160608 | AK102: Occipital cortex | AM102: pTDP | AN102: yes | AQ102: X
A103: 1757 | B103: OS160608_7_pTDP.svs | C103: OS160608 | D103: 7 | E103: http://bdsa.pathology.emory.edu:8080/#item/6731a9ca900c0c0559b30cb4 | F103: 6731a9ca900c0c0559b30cb4 | G103: 2016 | I103: 3 | J103: 72 | K103: 60 | M103: VI | N103: 3 | O103: OS-160608 | Q103: X | R103: 12 | V103: X | X103: Sclerosis-Hp,Am | Y103: FTLD-TDP | AC103: X | AD103: AD | AE103: w | AG103: m | AH103: 5 | AI103: 7 | AJ103: OS160608 | AK103: Left peri-Rolandic cortex | AM103: pTDP | AN103: yes | AQ103: X
A104: 1758 | B104: OS160608_8_pTDP.svs | C104: OS160608 | D104: 8 | E104: http://bdsa.pathology.emory.edu:8080/#item/6731a9ca900c0c0559b30c68 | F104: 6731a9ca900c0c0559b30c68 | G104: 2016 | I104: 3 | J104: 72 | K104: 60 | M104: VI | N104: 3 | O104: OS-160608 | Q104: X | R104: 12 | V104: X | X104: Sclerosis-Hp,Am | Y104: FTLD-TDP | AC104: X | AD104: AD | AE104: w | AG104: m | AH104: 5 | AI104: 8 | AJ104: OS160608 | AK104: Cingulate cortex | AM104: pTDP | AN104: yes | AQ104: X
A105: 1759 | B105: OS160608_10_pTDP.svs | C105: OS160608 | D105: 10 | E105: http://bdsa.pathology.emory.edu:8080/#item/6731a9de900c0c0559b31124 | F105: 6731a9de900c0c0559b31124 | G105: 2016 | I105: 3 | J105: 72 | K105: 60 | M105: VI | N105: 3 | O105: OS-160608 | Q105: X | R105: 12 | V105: X | X105: Sclerosis-Hp,Am | Y105: FTLD-TDP | AC105: X | AD105: AD | AE105: w | AG105: m | AH105: 5 | AI105: 10 | AJ105: OS160608 | AK105: Mid-level basal ganglia and insular cortex | AM105: pTDP | AN105: yes | AQ105: X
A106: 1760 | B106: OS160608_11_pTDP.svs | C106: OS160608 | D106: 11 | E106: http://bdsa.pathology.emory.edu:8080/#item/6731a9e8900c0c0559b312fa | F106: 6731a9e8900c0c0559b312fa | G106: 2016 | I106: 3 | J106: 72 | K106: 60 | M106: VI | N106: 3 | O106: OS-160608 | Q106: X | R106: 12 | V106: X | X106: Sclerosis-Hp,Am | Y106: FTLD-TDP | AC106: X | AD106: AD | AE106: w | AG106: m | AH106: 5 | AI106: 11 | AJ106: OS160608 | AK106: Hypothalamus | AM106: pTDP | AN106: yes | AQ106: X
A107: 1761 | B107: OS160608_12_pTDP.svs | C107: OS160608 | D107: 12 | E107: http://bdsa.pathology.emory.edu:8080/#item/6731a9c7900c0c0559b30c09 | F107: 6731a9c7900c0c0559b30c09 | G107: 2016 | I107: 3 | J107: 72 | K107: 60 | M107: VI | N107: 3 | O107: OS-160608 | Q107: X | R107: 12 | V107: X | X107: Sclerosis-Hp,Am | Y107: FTLD-TDP | AC107: X | AD107: AD | AE107: w | AG107: m | AH107: 5 | AI107: 12 | AJ107: OS160608 | AK107: Thalamus, including subthalamic nucleus | AM107: pTDP | AN107: yes | AQ107: X
A108: 1762 | B108: OS160608_13_pTDP.svs | C108: OS160608 | D108: 13 | E108: http://bdsa.pathology.emory.edu:8080/#item/6731a9d3900c0c0559b30ee2 | F108: 6731a9d3900c0c0559b30ee2 | G108: 2016 | I108: 3 | J108: 72 | K108: 60 | M108: VI | N108: 3 | O108: OS-160608 | Q108: X | R108: 12 | V108: X | X108: Sclerosis-Hp,Am | Y108: FTLD-TDP | AC108: X | AD108: AD | AE108: w | AG108: m | AH108: 5 | AI108: 13 | AJ108: OS160608 | AK108: Midbrain | AM108: pTDP | AN108: yes | AQ108: X
... A110: 1764 | B110: OS160608_15_pTDP.svs | C110: OS160608 | D110: 15 | E110: http://bdsa.pathology.emory.edu:8080/#item/6731a9c1900c0c0559b30ae2 | F110: 6731a9c1900c0c0559b30ae2 | G110: 2016 | I110: 3 | J110: 72 | K110: 60 | M110: VI | N110: 3 | O110: OS-160608 | Q110: X | R110: 12 | V110: X | X110: Sclerosis-Hp,Am | Y110: FTLD-TDP | AC110: X | AD110: AD | AE110: w | AG110: m | AH110: 5 | AI110: 15 | AJ110: OS160608 | AK110: Cerebellum and dentate nucleus | AM110: pTDP | AN110: yes | AQ110: X
A111: 637 | B111: pTDP con.svs | C111: E20-126 | D111: CONTROL | E111: http://bdsa.pathology.emory.edu:8080/#item/67319c0e900c0c0559aff3e9 | F111: 67319c0e900c0c0559aff3e9 | G111: 2020 | I111: -3 | J111: 72 | K111: 62 | L111: E3/3 | M111: (VI) | N111: 3 | O111: E20-126 | P111: FTD | Q111: X | R111: 10 | S111: A20-126 | T111: Yes | U111: X | V111: X | W111: LBD-neocortical | X111: Sclerosis-Hp | Y111: FTLD-TDP | Z111: severe athero- and arteriosclerosis | AA111: X | AB111: 22 | AC111: X | AD111: FTLD-tau (CBD) | AE111: w | AF111: BDS | AG111: f | AH111: 5 | AP111: AD | BD111: FTD
A112: 638 | B112: E20-126_1 pTDP.svs | C112: E20-126 | D112: 1 | E112: http://bdsa.pathology.emory.edu:8080/#item/67319bef900c0c0559afed55 | F112: 67319bef900c0c0559afed55 | G112: 2020 | I112: -3 | J112: 72 | K112: 62 | L112: E3/3 | M112: (VI) | N112: 3 | O112: E20-126 | P112: FTD | Q112: X | R112: 10 | S112: A20-126 | T112: Yes | U112: X | V112: X | W112: LBD-neocortical | X112: Sclerosis-Hp | Y112: FTLD-TDP | Z112: severe athero- and arteriosclerosis | AA112: X | AB112: 22 | AC112: X | AD112: FTLD-tau (CBD) | AE112: w | AF112: BDS | AG112: f | AH112: 5 | AI112: 1 | AJ112: E20-126 | AK112: Left hippocampus | AL112: ['Left hippocampus'] | AM112: pTDP | AN112: yes | AP112: AD | BD112: FTD
A113: 639 | B113: E20-126_2 pTDP.svs | C113: E20-126 | D113: 2 | E113: http://bdsa.pathology.emory.edu:8080/#item/67319c30900c0c0559affb5b | F113: 67319c30900c0c0559affb5b | G113: 2020 | I113: -3 | J113: 72 | K113: 62 | L113: E3/3 | M113: (VI) | N113: 3 | O113: E20-126 | P113: FTD | Q113: X | R113: 10 | S113: A20-126 | T113: Yes | U113: X | V113: X | W113: LBD-neocortical | X113: Sclerosis-Hp | Y113: FTLD-TDP | Z113: severe athero- and arteriosclerosis | AA113: X | AB113: 22 | AC113: X | AD113: FTLD-tau (CBD) | AE113: w | AF113: BDS | AG113: f | AH113: 5 | AI113: 2 | AJ113: E20-126 | AK113: Amygdala | AL113: ['Amygdala'] | AM113: pTDP | AN113: yes | AP113: AD | BD113: FTD
A114: 640 | B114: E20-126_3 pTDP.svs | C114: E20-126 | D114: 3 | E114: http://bdsa.pathology.emory.edu:8080/#item/67319c15900c0c0559aff4c1 | F114: 67319c15900c0c0559aff4c1 | G114: 2020 | I114: -3 | J114: 72 | K114: 62 | L114: E3/3 | M114: (VI) | N114: 3 | O114: E20-126 | P114: FTD | Q114: X | R114: 10 | S114: A20-126 | T114: Yes | U114: X | V114: X | W114: LBD-neocortical | X114: Sclerosis-Hp | Y114: FTLD-TDP | Z114: severe athero- and arteriosclerosis | AA114: X | AB114: 22 | AC114: X | AD114: FTLD-tau (CBD) | AE114: w | AF114: BDS | AG114: f | AH114: 5 | AI114: 3 | AJ114: E20-126 | AK114: Frontal cortex | AL114: ['Frontal cortex'] | AM114: pTDP | AN114: yes | AP114: AD | BD114: FTD
A115: 641 | B115: E20-126_4 pTDP.svs | C115: E20-126 | D115: 4 | E115: http://bdsa.pathology.emory.edu:8080/#item/67319c19900c0c0559aff617 | F115: 67319c19900c0c0559aff617 | G115: 2020 | I115: -3 | J115: 72 | K115: 62 | L115: E3/3 | M115: (VI) | N115: 3 | O115: E20-126 | P115: FTD | Q115: X | R115: 10 | S115: A20-126 | T115: Yes | U115: X | V115: X | W115: LBD-neocortical | X115: Sclerosis-Hp | Y115: FTLD-TDP | Z115: severe athero- and arteriosclerosis | AA115: X | AB115: 22 | AC115: X | AD115: FTLD-tau (CBD) | AE115: w | AF115: BDS | AG115: f | AH115: 5 | AI115: 4 | AJ115: E20-126 | AK115: Temporal cortex | AL115: ['Temporal cortex'] | AM115: pTDP | AN115: yes | AP115: AD | BD115: FTD
A116: 642 | B116: E20-126_5 pTDP.svs | C116: E20-126 | D116: 5 | E116: http://bdsa.pathology.emory.edu:8080/#item/67319c39900c0c0559affcb5 | F116: 67319c39900c0c0559affcb5 | G116: 2020 | I116: -3 | J116: 72 | K116: 62 | L116: E3/3 | M116: (VI) | N116: 3 | O116: E20-126 | P116: FTD | Q116: X | R116: 10 | S116: A20-126 | T116: Yes | U116: X | V116: X | W116: LBD-neocortical | X116: Sclerosis-Hp | Y116: FTLD-TDP | Z116: severe athero- and arteriosclerosis | AA116: X | AB116: 22 | AC116: X | AD116: FTLD-tau (CBD) | AE116: w | AF116: BDS | AG116: f | AH116: 5 | AI116: 5 | AJ116: E20-126 | AK116: Parietal cortex | AL116: ['Parietal cortex'] | AM116: pTDP | AN116: yes | AP116: AD | BD116: FTD
A117: 643 | B117: E20-126_6 pTDP.svs | C117: E20-126 | D117: 6 | E117: http://bdsa.pathology.emory.edu:8080/#item/67319be1900c0c0559afe9d8 | F117: 67319be1900c0c0559afe9d8 | G117: 2020 | I117: -3 | J117: 72 | K117: 62 | L117: E3/3 | M117: (VI) | N117: 3 | O117: E20-126 | P117: FTD | Q117: X | R117: 10 | S117: A20-126 | T117: Yes | U117: X | V117: X | W117: LBD-neocortical | X117: Sclerosis-Hp | Y117: FTLD-TDP | Z117: severe athero- and arteriosclerosis | AA117: X | AB117: 22 | AC117: X | AD117: FTLD-tau (CBD) | AE117: w | AF117: BDS | AG117: f | AH117: 5 | AI117: 6 | AJ117: E20-126 | AK117: Occipital cortex | AL117: ['Occipital cortex'] | AM117: pTDP | AN117: yes | AP117: AD | BD117: FTD
A118: 644 | B118: E20-126_7 pTDP.svs | C118: E20-126 | D118: 7 | E118: http://bdsa.pathology.emory.edu:8080/#item/67319bfe900c0c0559aff0d9 | F118: 67319bfe900c0c0559aff0d9 | G118: 2020 | I118: -3 | J118: 72 | K118: 62 | L118: E3/3 | M118: (VI) | N118: 3 | O118: E20-126 | P118: FTD | Q118: X | R118: 10 | S118: A20-126 | T118: Yes | U118: X | V118: X | W118: LBD-neocortical | X118: Sclerosis-Hp | Y118: FTLD-TDP | Z118: severe athero- and arteriosclerosis | AA118: X | AB118: 22 | AC118: X | AD118: FTLD-tau (CBD) | AE118: w | AF118: BDS | AG118: f | AH118: 5 | AI118: 7 | AJ118: E20-126 | AK118: Left peri-Rolandic cortex | AL118: ['Left perirolandic cortex'] | AM118: pTDP | AN118: yes | AP118: AD | BD118: FTD
A119: 645 | B119: E20-126_8 pTDP.svs | C119: E20-126 | D119: 8 | E119: http://bdsa.pathology.emory.edu:8080/#item/67319bff900c0c0559aff10d | F119: 67319bff900c0c0559aff10d | G119: 2020 | I119: -3 | J119: 72 | K119: 62 | L119: E3/3 | M119: (VI) | N119: 3 | O119: E20-126 | P119: FTD | Q119: X | R119: 10 | S119: A20-126 | T119: Yes | U119: X | V119: X | W119: LBD-neocortical | X119: Sclerosis-Hp | Y119: FTLD-TDP | Z119: severe athero- and arteriosclerosis | AA119: X | AB119: 22 | AC119: X | AD119: FTLD-tau (CBD) | AE119: w | AF119: BDS | AG119: f | AH119: 5 | AI119: 8 | AJ119: E20-126 | AK119: Right peri-Rolandic cortex | AL119: ['Right perirolandic cortex'] | AM119: pTDP | AN119: yes | AP119: AD | BD119: FTD
A120: 646 | B120: E20-126_9 pTDP (2).svs | C120: E20-126 | D120: 9(2) | E120: http://bdsa.pathology.emory.edu:8080/#item/67319c0f900c0c0559aff403 | F120: 67319c0f900c0c0559aff403 | G120: 2020 | I120: -3 | J120: 72 | K120: 62 | L120: E3/3 | M120: (VI) | N120: 3 | O120: E20-126 | P120: FTD | Q120: X | R120: 10 | S120: A20-126 | T120: Yes | U120: X | V120: X | W120: LBD-neocortical | X120: Sclerosis-Hp | Y120: FTLD-TDP | Z120: severe athero- and arteriosclerosis | AA120: X | AB120: 22 | AC120: X | AD120: FTLD-tau (CBD) | AE120: w | AF120: BDS | AG120: f | AH120: 5 | AI120: 9 | AJ120: E20-126 | AK120: Cingulate cortex | AL120: ['Cingulate cortex'] | AM120: pTDP | AN120: yes | AP120: AD | BD120: FTD
A121: 647 | B121: E20-126_10 pTDP.svs | C121: E20-126 | D121: 10 | E121: http://bdsa.pathology.emory.edu:8080/#item/67319c22900c0c0559aff7ee | F121: 67319c22900c0c0559aff7ee | G121: 2020 | I121: -3 | J121: 72 | K121: 62 | L121: E3/3 | M121: (VI) | N121: 3 | O121: E20-126 | P121: FTD | Q121: X | R121: 10 | S121: A20-126 | T121: Yes | U121: X | V121: X | W121: LBD-neocortical | X121: Sclerosis-Hp | Y121: FTLD-TDP | Z121: severe athero- and arteriosclerosis | AA121: X | AB121: 22 | AC121: X | AD121: FTLD-tau (CBD) | AE121: w | AF121: BDS | AG121: f | AH121: 5 | AI121: 10 | AJ121: E20-126 | AK121: Insular cortex | AL121: ['Insular cortex'] | AM121: pTDP | AN121: yes | AP121: AD | BD121: FTD
A122: 648 | B122: E20-126_11 pTDP.svs | C122: E20-126 | D122: 11 | E122: http://bdsa.pathology.emory.edu:8080/#item/67319c34900c0c0559affc37 | F122: 67319c34900c0c0559affc37 | G122: 2020 | I122: -3 | J122: 72 | K122: 62 | L122: E3/3 | M122: (VI) | N122: 3 | O122: E20-126 | P122: FTD | Q122: X | R122: 10 | S122: A20-126 | T122: Yes | U122: X | V122: X | W122: LBD-neocortical | X122: Sclerosis-Hp | Y122: FTLD-TDP | Z122: severe athero- and arteriosclerosis | AA122: X | AB122: 22 | AC122: X | AD122: FTLD-tau (CBD) | AE122: w | AF122: BDS | AG122: f | AH122: 5 | AI122: 11 | AJ122: E20-126 | AK122: Anterior basal ganglia | AL122: ['Anterior basal ganglia'] | AM122: pTDP | AN122: yes | AP122: AD | BD122: FTD
A123: 649 | B123: E20-126_12 pTDP.svs | C123: E20-126 | D123: 12 | E123: http://bdsa.pathology.emory.edu:8080/#item/67319be9900c0c0559afebae | F123: 67319be9900c0c0559afebae | G123: 2020 | I123: -3 | J123: 72 | K123: 62 | L123: E3/3 | M123: (VI) | N123: 3 | O123: E20-126 | P123: FTD | Q123: X | R123: 10 | S123: A20-126 | T123: Yes | U123: X | V123: X | W123: LBD-neocortical | X123: Sclerosis-Hp | Y123: FTLD-TDP | Z123: severe athero- and arteriosclerosis | AA123: X | AB123: 22 | AC123: X | AD123: FTLD-tau (CBD) | AE123: w | AF123: BDS | AG123: f | AH123: 5 | AI123: 12 | AJ123: E20-126 | AK123: Posterior basal ganglia | AL123: ['Posterior basal ganglia'] | AM123: pTDP | AN123: yes | AP123: AD | BD123: FTD
A124: 650 | B124: E20-126_13 pTDP.svs | C124: E20-126 | D124: 13 | E124: http://bdsa.pathology.emory.edu:8080/#item/67319bfc900c0c0559aff06e | F124: 67319bfc900c0c0559aff06e | G124: 2020 | I124: -3 | J124: 72 | K124: 62 | L124: E3/3 | M124: (VI) | N124: 3 | O124: E20-126 | P124: FTD | Q124: X | R124: 10 | S124: A20-126 | T124: Yes | U124: X | V124: X | W124: LBD-neocortical | X124: Sclerosis-Hp | Y124: FTLD-TDP | Z124: severe athero- and arteriosclerosis | AA124: X | AB124: 22 | AC124: X | AD124: FTLD-tau (CBD) | AE124: w | AF124: BDS | AG124: f | AH124: 5 | AI124: 13 | AJ124: E20-126 | AK124: Hypothalamus | AL124: ['Hypothalamus'] | AM124: pTDP | AN124: yes | AP124: AD | BD124: FTD
A125: 651 | B125: E20-126_14 pTDP.svs | C125: E20-126 | D125: 14 | E125: http://bdsa.pathology.emory.edu:8080/#item/67319c05900c0c0559aff26a | F125: 67319c05900c0c0559aff26a | G125: 2020 | I125: -3 | J125: 72 | K125: 62 | L125: E3/3 | M125: (VI) | N125: 3 | O125: E20-126 | P125: FTD | Q125: X | R125: 10 | S125: A20-126 | T125: Yes | U125: X | V125: X | W125: LBD-neocortical | X125: Sclerosis-Hp | Y125: FTLD-TDP | Z125: severe athero- and arteriosclerosis | AA125: X | AB125: 22 | AC125: X | AD125: FTLD-tau (CBD) | AE125: w | AF125: BDS | AG125: f | AH125: 5 | AI125: 14 | AJ125: E20-126 | AK125: Thalamus | AL125: ['Thalamus'] | AM125: pTDP | AN125: yes | AP125: AD | BD125: FTD
A126: 652 | B126: E20-126_15 pTDP.svs | C126: E20-126 | D126: 15 | E126: http://bdsa.pathology.emory.edu:8080/#item/67319bf2900c0c0559afedff | F126: 67319bf2900c0c0559afedff | G126: 2020 | I126: -3 | J126: 72 | K126: 62 | L126: E3/3 | M126: (VI) | N126: 3 | O126: E20-126 | P126: FTD | Q126: X | R126: 10 | S126: A20-126 | T126: Yes | U126: X | V126: X | W126: LBD-neocortical | X126: Sclerosis-Hp | Y126: FTLD-TDP | Z126: severe athero- and arteriosclerosis | AA126: X | AB126: 22 | AC126: X | AD126: FTLD-tau (CBD) | AE126: w | AF126: BDS | AG126: f | AH126: 5 | AI126: 15 | AJ126: E20-126 | AK126: Midbrain | AL126: ['Midbrain'] | AM126: pTDP | AN126: yes | AP126: AD | BD126: FTD
A127: 653 | B127: E20-126_16 pTDP.svs | C127: E20-126 | D127: 16 | E127: http://bdsa.pathology.emory.edu:8080/#item/67319c25900c0c0559aff8c1 | F127: 67319c25900c0c0559aff8c1 | G127: 2020 | I127: -3 | J127: 72 | K127: 62 | L127: E3/3 | M127: (VI) | N127: 3 | O127: E20-126 | P127: FTD | Q127: X | R127: 10 | S127: A20-126 | T127: Yes | U127: X | V127: X | W127: LBD-neocortical | X127: Sclerosis-Hp | Y127: FTLD-TDP | Z127: severe athero- and arteriosclerosis | AA127: X | AB127: 22 | AC127: X | AD127: FTLD-tau (CBD) | AE127: w | AF127: BDS | AG127: f | AH127: 5 | AI127: 16 | AJ127: E20-126 | AK127: Pons | AL127: ['Pons'] | AM127: pTDP | AN127: yes | AP127: AD | BD127: FTD
A128: 654 | B128: E20-126_17 pTDP.svs | C128: E20-126 | D128: 17 | E128: http://bdsa.pathology.emory.edu:8080/#item/67319c16900c0c0559aff51d | F128: 67319c16900c0c0559aff51d | G128: 2020 | I128: -3 | J128: 72 | K128: 62 | L128: E3/3 | M128: (VI) | N128: 3 | O128: E20-126 | P128: FTD | Q128: X | R128: 10 | S128: A20-126 | T128: Yes | U128: X | V128: X | W128: LBD-neocortical | X128: Sclerosis-Hp | Y128: FTLD-TDP | Z128: severe athero- and arteriosclerosis | AA128: X | AB128: 22 | AC128: X | AD128: FTLD-tau (CBD) | AE128: w | AF128: BDS | AG128: f | AH128: 5 | AI128: 17 | AJ128: E20-126 | AK128: Medulla | AL128: ['Medulla'] | AM128: pTDP | AN128: yes | AP128: AD | BD128: FTD
A129: 655 | B129: E20-126_18 pTDP.svs | C129: E20-126 | D129: 18 | E129: http://bdsa.pathology.emory.edu:8080/#item/67319c17900c0c0559aff58b | F129: 67319c17900c0c0559aff58b | G129: 2020 | I129: -3 | J129: 72 | K129: 62 | L129: E3/3 | M129: (VI) | N129: 3 | O129: E20-126 | P129: FTD | Q129: X | R129: 10 | S129: A20-126 | T129: Yes | U129: X | V129: X | W129: LBD-neocortical | X129: Sclerosis-Hp | Y129: FTLD-TDP | Z129: severe athero- and arteriosclerosis | AA129: X | AB129: 22 | AC129: X | AD129: FTLD-tau (CBD) | AE129: w | AF129: BDS | AG129: f | AH129: 5 | AI129: 18 | AJ129: E20-126 | AK129: Cerebellum and dentate nucleus | AL129: ['Cerebellum and dentate nucleus'] | AM129: pTDP | AN129: yes | AP129: AD | BD129: FTD
A130: 656 | B130: E20-126_19 pTDP.svs | C130: E20-126 | D130: 19 | E130: http://bdsa.pathology.emory.edu:8080/#item/67319c24900c0c0559aff895 | F130: 67319c24900c0c0559aff895 | G130: 2020 | I130: -3 | J130: 72 | K130: 62 | L130: E3/3 | M130: (VI) | N130: 3 | O130: E20-126 | P130: FTD | Q130: X | R130: 10 | S130: A20-126 | T130: Yes | U130: X | V130: X | W130: LBD-neocortical | X130: Sclerosis-Hp | Y130: FTLD-TDP | Z130: severe athero- and arteriosclerosis | AA130: X | AB130: 22 | AC130: X | AD130: FTLD-tau (CBD) | AE130: w | AF130: BDS | AG130: f | AH130: 5 | AI130: 19 | AJ130: E20-126 | AK130: Upper spinal cord | AL130: ['Upper spinal cord'] | AM130: pTDP | AN130: yes | AP130: AD | BD130: FTD
A131: 657 | B131: E20-126_20 pTDP.svs | C131: E20-126 | D131: 20 | E131: http://bdsa.pathology.emory.edu:8080/#item/67319c19900c0c0559aff613 | F131: 67319c19900c0c0559aff613 | G131: 2020 | I131: -3 | J131: 72 | K131: 62 | L131: E3/3 | M131: (VI) | N131: 3 | O131: E20-126 | P131: FTD | Q131: X | R131: 10 | S131: A20-126 | T131: Yes | U131: X | V131: X | W131: LBD-neocortical | X131: Sclerosis-Hp | Y131: FTLD-TDP | Z131: severe athero- and arteriosclerosis | AA131: X | AB131: 22 | AC131: X | AD131: FTLD-tau (CBD) | AE131: w | AF131: BDS | AG131: f | AH131: 5 | AI131: 20 | AJ131: E20-126 | AK131: Mid-level spinal cord | AL131: ['Mid-level spinal cord'] | AM131: pTDP | AN131: yes | AP131: AD | BD131: FTD
...

Sheet Sheet5

Sheet Sheet1
A1: =dsa_processed_with_metadata!J1 -> Age at Death/Bx | B1: Braak Stage | C1: =dsa_processed_with_metadata!M1 -> Braak Stage
A2: =dsa_processed_with_metadata!J588 -> 78 | B2: =SUBSTITUTE(SUBSTITUTE(C2, "(", ""), ")", "") -> IV | C2: =dsa_processed_with_metadata!M588 -> IV
A3: =dsa_processed_with_metadata!J589 -> 78 | B3: =SUBSTITUTE(SUBSTITUTE(C3, "(", ""), ")", "") -> IV | C3: =dsa_processed_with_metadata!M589 -> IV
A4: =dsa_processed_with_metadata!J590 -> 79 | B4: =SUBSTITUTE(SUBSTITUTE(C4, "(", ""), ")", "") -> V | C4: =dsa_processed_with_metadata!M590 -> V
A5: =dsa_processed_with_metadata!J591 -> 79 | B5: =SUBSTITUTE(SUBSTITUTE(C5, "(", ""), ")", "") -> V | C5: =dsa_processed_with_metadata!M591 -> V
A6: =dsa_processed_with_metadata!J592 -> 79 | B6: =SUBSTITUTE(SUBSTITUTE(C6, "(", ""), ")", "") -> V | C6: =dsa_processed_with_metadata!M592 -> V
A7: =dsa_processed_with_metadata!J593 -> 79 | B7: =SUBSTITUTE(SUBSTITUTE(C7, "(", ""), ")", "") -> V | C7: =dsa_processed_with_metadata!M593 -> V | N7: Braak Stage | O7: Average of Age at Death/Bx
A8: =dsa_processed_with_metadata!J594 -> 79 | B8: =SUBSTITUTE(SUBSTITUTE(C8, "(", ""), ")", "") -> V | C8: =dsa_processed_with_metadata!M594 -> V | N8: V | O8: 76.983425
A9: =dsa_processed_with_metadata!J595 -> 79 | B9: =SUBSTITUTE(SUBSTITUTE(C9, "(", ""), ")", "") -> V | C9: =dsa_processed_with_metadata!M595 -> V | N9: IV | O9: 74.823276
A10: =dsa_processed_with_metadata!J596 -> 78 | B10: =SUBSTITUTE(SUBSTITUTE(C10, "(", ""), ")", "") -> V | C10: =dsa_processed_with_metadata!M596 -> V | N10: VI | O10: 74.513393
A11: =dsa_processed_with_metadata!J597 -> 78 | B11: =SUBSTITUTE(SUBSTITUTE(C11, "(", ""), ")", "") -> V | C11: =dsa_processed_with_metadata!M597 -> V | N11: I-II | O11: 72
A12: =dsa_processed_with_metadata!J598 -> 78 | B12: =SUBSTITUTE(SUBSTITUTE(C12, "(", ""), ")", "") -> V | C12: =dsa_processed_with_metadata!M598 -> V | N12: II | O12: 68.304348
A13: =dsa_processed_with_metadata!J599 -> 78 | B13: =SUBSTITUTE(SUBSTITUTE(C13, "(", ""), ")", "") -> V | C13: =dsa_processed_with_metadata!M599 -> V | N13: III | O13: 67.448347
A14: =dsa_processed_with_metadata!J600 -> 78 | B14: =SUBSTITUTE(SUBSTITUTE(C14, "(", ""), ")", "") -> V | C14: =dsa_processed_with_metadata!M600 -> V | N14: I | O14: 58.175
A15: =dsa_processed_with_metadata!J601 -> 77 | B15: =SUBSTITUTE(SUBSTITUTE(C15, "(", ""), ")", "") -> VI | C15: =dsa_processed_with_metadata!M601 -> VI | N15: Grand Total | O15: 71.07837
A16: =dsa_processed_with_metadata!J602 -> 77 | B16: =SUBSTITUTE(SUBSTITUTE(C16, "(", ""), ")", "") -> VI | C16: =dsa_processed_with_metadata!M602 -> VI
A17: =dsa_processed_with_metadata!J603 -> 77 | B17: =SUBSTITUTE(SUBSTITUTE(C17, "(", ""), ")", "") -> VI | C17: =dsa_processed_with_metadata!M603 -> VI
A18: =dsa_processed_with_metadata!J604 -> 77 | B18: =SUBSTITUTE(SUBSTITUTE(C18, "(", ""), ")", "") -> VI | C18: =dsa_processed_with_metadata!M604 -> VI
A19: =dsa_processed_with_metadata!J605 -> 77 | B19: =SUBSTITUTE(SUBSTITUTE(C19, "(", ""), ")", "") -> VI | C19: =dsa_processed_with_metadata!M605 -> VI
A20: =dsa_processed_with_metadata!J606 -> 83 | B20: =SUBSTITUTE(SUBSTITUTE(C20, "(", ""), ")", "") -> V | C20: =dsa_processed_with_metadata!M606 -> V
A21: =dsa_processed_with_metadata!J607 -> 83 | B21: =SUBSTITUTE(SUBSTITUTE(C21, "(", ""), ")", "") -> V | C21: =dsa_processed_with_metadata!M607 -> V
A22: =dsa_processed_with_metadata!J608 -> 83 | B22: =SUBSTITUTE(SUBSTITUTE(C22, "(", ""), ")", "") -> V | C22: =dsa_processed_with_metadata!M608 -> V
A23: =dsa_processed_with_metadata!J609 -> 83 | B23: =SUBSTITUTE(SUBSTITUTE(C23, "(", ""), ")", "") -> V | C23: =dsa_processed_with_metadata!M609 -> V
A24: =dsa_processed_with_metadata!J610 -> 83 | B24: =SUBSTITUTE(SUBSTITUTE(C24, "(", ""), ")", "") -> V | C24: =dsa_processed_with_metadata!M610 -> V
A25: =dsa_processed_with_metadata!J611 -> 83 | B25: =SUBSTITUTE(SUBSTITUTE(C25, "(", ""), ")", "") -> V | C25: =dsa_processed_with_metadata!M611 -> V
A26: =dsa_processed_with_metadata!J612 -> 94 | B26: =SUBSTITUTE(SUBSTITUTE(C26, "(", ""), ")", "") -> V | C26: =dsa_processed_with_metadata!M612 -> V
A27: =dsa_processed_with_metadata!J613 -> 94 | B27: =SUBSTITUTE(SUBSTITUTE(C27, "(", ""), ")", "") -> V | C27: =dsa_processed_with_metadata!M613 -> V
A28: =dsa_processed_with_metadata!J534 -> 72 | B28: =SUBSTITUTE(SUBSTITUTE(C28, "(", ""), ")", "") -> VI | C28: =dsa_processed_with_metadata!M534 -> VI
A29: =dsa_processed_with_metadata!J535 -> 72 | B29: =SUBSTITUTE(SUBSTITUTE(C29, "(", ""), ")", "") -> VI | C29: =dsa_processed_with_metadata!M535 -> VI
A30: =dsa_processed_with_metadata!J536 -> 72 | B30: =SUBSTITUTE(SUBSTITUTE(C30, "(", ""), ")", "") -> VI | C30: =dsa_processed_with_metadata!M536 -> VI
A31: =dsa_processed_with_metadata!J537 -> 72 | B31: =SUBSTITUTE(SUBSTITUTE(C31, "(", ""), ")", "") -> VI | C31: =dsa_processed_with_metadata!M537 -> VI
A32: =dsa_processed_with_metadata!J538 -> 72 | B32: =SUBSTITUTE(SUBSTITUTE(C32, "(", ""), ")", "") -> VI | C32: =dsa_processed_with_metadata!M538 -> VI
A33: =dsa_processed_with_metadata!J1041 -> 54 | B33: =SUBSTITUTE(SUBSTITUTE(C33, "(", ""), ")", "") -> VI | C33: =dsa_processed_with_metadata!M1041 -> VI
A34: =dsa_processed_with_metadata!J1042 -> 54 | B34: =SUBSTITUTE(SUBSTITUTE(C34, "(", ""), ")", "") -> VI | C34: =dsa_processed_with_metadata!M1042 -> VI
A35: =dsa_processed_with_metadata!J1043 -> 63 | B35: =SUBSTITUTE(SUBSTITUTE(C35, "(", ""), ")", "") -> VI | C35: =dsa_processed_with_metadata!M1043 -> VI
A36: =dsa_processed_with_metadata!J1044 -> 63 | B36: =SUBSTITUTE(SUBSTITUTE(C36, "(", ""), ")", "") -> VI | C36: =dsa_processed_with_metadata!M1044 -> VI
A37: =dsa_processed_with_metadata!J1045 -> 63 | B37: =SUBSTITUTE(SUBSTITUTE(C37, "(", ""), ")", "") -> VI | C37: =dsa_processed_with_metadata!M1045 -> VI
A38: =dsa_processed_with_metadata!J1046 -> 63 | B38: =SUBSTITUTE(SUBSTITUTE(C38, "(", ""), ")", "") -> VI | C38: =dsa_processed_with_metadata!M1046 -> VI
A39: =dsa_processed_with_metadata!J1047 -> 63 | B39: =SUBSTITUTE(SUBSTITUTE(C39, "(", ""), ")", "") -> VI | C39: =dsa_processed_with_metadata!M1047 -> VI
A40: =dsa_processed_with_metadata!J1048 -> 63 | B40: =SUBSTITUTE(SUBSTITUTE(C40, "(", ""), ")", "") -> VI | C40: =dsa_processed_with_metadata!M1048 -> VI
A41: =dsa_processed_with_metadata!J1049 -> 63 | B41: =SUBSTITUTE(SUBSTITUTE(C41, "(", ""), ")", "") -> VI | C41: =dsa_processed_with_metadata!M1049 -> VI
A42: =dsa_processed_with_metadata!J1050 -> 68 | B42: =SUBSTITUTE(SUBSTITUTE(C42, "(", ""), ")", "") -> VI | C42: =dsa_processed_with_metadata!M1050 -> VI
A43: =dsa_processed_with_metadata!J1051 -> 68 | B43: =SUBSTITUTE(SUBSTITUTE(C43, "(", ""), ")", "") -> VI | C43: =dsa_processed_with_metadata!M1051 -> VI
A44: =dsa_processed_with_metadata!J1052 -> 68 | B44: =SUBSTITUTE(SUBSTITUTE(C44, "(", ""), ")", "") -> VI | C44: =dsa_processed_with_metadata!M1052 -> VI
... A72: =dsa_processed_with_metadata!J1080 -> 63 | B72: =SUBSTITUTE(SUBSTITUTE(C72, "(", ""), ")", "") -> IV | C72: =dsa_processed_with_metadata!M1080 -> IV
A73: =dsa_processed_with_metadata!J970 -> 78 | B73: =SUBSTITUTE(SUBSTITUTE(C73, "(", ""), ")", "") -> V | C73: =dsa_processed_with_metadata!M970 -> V
A74: =dsa_processed_with_metadata!J971 -> 78 | B74: =SUBSTITUTE(SUBSTITUTE(C74, "(", ""), ")", "") -> VI | C74: =dsa_processed_with_metadata!M971 -> VI
A75: =dsa_processed_with_metadata!J972 -> 78 | B75: =SUBSTITUTE(SUBSTITUTE(C75, "(", ""), ")", "") -> VI | C75: =dsa_processed_with_metadata!M972 -> VI
A76: =dsa_processed_with_metadata!J973 -> 78 | B76: =SUBSTITUTE(SUBSTITUTE(C76, "(", ""), ")", "") -> VI | C76: =dsa_processed_with_metadata!M973 -> VI
A77: =dsa_processed_with_metadata!J974 -> 78 | B77: =SUBSTITUTE(SUBSTITUTE(C77, "(", ""), ")", "") -> VI | C77: =dsa_processed_with_metadata!M974 -> VI
A78: =dsa_processed_with_metadata!J975 -> 72 | B78: =SUBSTITUTE(SUBSTITUTE(C78, "(", ""), ")", "") -> VI | C78: =dsa_processed_with_metadata!M975 -> VI
A79: =dsa_processed_with_metadata!J976 -> 72 | B79: =SUBSTITUTE(SUBSTITUTE(C79, "(", ""), ")", "") -> VI | C79: =dsa_processed_with_metadata!M976 -> VI
A80: =dsa_processed_with_metadata!J977 -> 72 | B80: =SUBSTITUTE(SUBSTITUTE(C80, "(", ""), ")", "") -> VI | C80: =dsa_processed_with_metadata!M977 -> VI
A81: =dsa_processed_with_metadata!J978 -> 72 | B81: =SUBSTITUTE(SUBSTITUTE(C81, "(", ""), ")", "") -> VI | C81: =dsa_processed_with_metadata!M978 -> VI
A82: =dsa_processed_with_metadata!J979 -> 72 | B82: =SUBSTITUTE(SUBSTITUTE(C82, "(", ""), ")", "") -> VI | C82: =dsa_processed_with_metadata!M979 -> VI
A83: =dsa_processed_with_metadata!J980 -> 72 | B83: =SUBSTITUTE(SUBSTITUTE(C83, "(", ""), ")", "") -> VI | C83: =dsa_processed_with_metadata!M980 -> VI
A84: =dsa_processed_with_metadata!J981 -> 72 | B84: =SUBSTITUTE(SUBSTITUTE(C84, "(", ""), ")", "") -> VI | C84: =dsa_processed_with_metadata!M981 -> VI
... A94: =dsa_processed_with_metadata!J991 -> 69 | B94: =SUBSTITUTE(SUBSTITUTE(C94, "(", ""), ")", "") -> VI | C94: =dsa_processed_with_metadata!M991 -> VI
A95: =dsa_processed_with_metadata!J1449 -> 59 | B95: =SUBSTITUTE(SUBSTITUTE(C95, "(", ""), ")", "") -> na | C95: =dsa_processed_with_metadata!M1449 -> na
A96: =dsa_processed_with_metadata!J1450 -> 59 | B96: =SUBSTITUTE(SUBSTITUTE(C96, "(", ""), ")", "") -> na | C96: =dsa_processed_with_metadata!M1450 -> na
A97: =dsa_processed_with_metadata!J1451 -> 59 | B97: =SUBSTITUTE(SUBSTITUTE(C97, "(", ""), ")", "") -> na | C97: =dsa_processed_with_metadata!M1451 -> na
A98: =dsa_processed_with_metadata!J1452 -> 59 | B98: =SUBSTITUTE(SUBSTITUTE(C98, "(", ""), ")", "") -> na | C98: =dsa_processed_with_metadata!M1452 -> na
A99: =dsa_processed_with_metadata!J1453 -> 59 | B99: =SUBSTITUTE(SUBSTITUTE(C99, "(", ""), ")", "") -> na | C99: =dsa_processed_with_metadata!M1453 -> na
A100: =dsa_processed_with_metadata!J1454 -> 64 | B100: =SUBSTITUTE(SUBSTITUTE(C100, "(", ""), ")", "") -> II | C100: =dsa_processed_with_metadata!M1454 -> II
A101: =dsa_processed_with_metadata!J1455 -> 64 | B101: =SUBSTITUTE(SUBSTITUTE(C101, "(", ""), ")", "") -> II | C101: =dsa_processed_with_metadata!M1455 -> II
A102: =dsa_processed_with_metadata!J1598 -> 63 | B102: =SUBSTITUTE(SUBSTITUTE(C102, "(", ""), ")", "") -> I | C102: =dsa_processed_with_metadata!M1598 -> I
A103: =dsa_processed_with_metadata!J1599 -> 63 | B103: =SUBSTITUTE(SUBSTITUTE(C103, "(", ""), ")", "") -> I | C103: =dsa_processed_with_metadata!M1599 -> I
A104: =dsa_processed_with_metadata!J1600 -> 63 | B104: =SUBSTITUTE(SUBSTITUTE(C104, "(", ""), ")", "") -> I | C104: =dsa_processed_with_metadata!M1600 -> I
A105: =dsa_processed_with_metadata!J1601 -> 63 | B105: =SUBSTITUTE(SUBSTITUTE(C105, "(", ""), ")", "") -> I | C105: =dsa_processed_with_metadata!M1601 -> I
A106: =dsa_processed_with_metadata!J1602 -> 63 | B106: =SUBSTITUTE(SUBSTITUTE(C106, "(", ""), ")", "") -> I | C106: =dsa_processed_with_metadata!M1602 -> I
A107: =dsa_processed_with_metadata!J1603 -> 63 | B107: =SUBSTITUTE(SUBSTITUTE(C107, "(", ""), ")", "") -> I | C107: =dsa_processed_with_metadata!M1603 -> I
A108: =dsa_processed_with_metadata!J1604 -> 63 | B108: =SUBSTITUTE(SUBSTITUTE(C108, "(", ""), ")", "") -> I | C108: =dsa_processed_with_metadata!M1604 -> I
A109: =dsa_processed_with_metadata!J1605 -> 63 | B109: =SUBSTITUTE(SUBSTITUTE(C109, "(", ""), ")", "") -> I | C109: =dsa_processed_with_metadata!M1605 -> I
A110: =dsa_processed_with_metadata!J789 -> 82 | B110: =SUBSTITUTE(SUBSTITUTE(C110, "(", ""), ")", "") -> VI | C110: =dsa_processed_with_metadata!M789 -> VI
A111: =dsa_processed_with_metadata!J790 -> 82 | B111: =SUBSTITUTE(SUBSTITUTE(C111, "(", ""), ")", "") -> VI | C111: =dsa_processed_with_metadata!M790 -> VI
A112: =dsa_processed_with_metadata!J791 -> 82 | B112: =SUBSTITUTE(SUBSTITUTE(C112, "(", ""), ")", "") -> VI | C112: =dsa_processed_with_metadata!M791 -> VI
A113: =dsa_processed_with_metadata!J792 -> 82 | B113: =SUBSTITUTE(SUBSTITUTE(C113, "(", ""), ")", "") -> VI | C113: =dsa_processed_with_metadata!M792 -> VI
A114: =dsa_processed_with_metadata!J793 -> 82 | B114: =SUBSTITUTE(SUBSTITUTE(C114, "(", ""), ")", "") -> VI | C114: =dsa_processed_with_metadata!M793 -> VI
A115: =dsa_processed_with_metadata!J794 -> 82 | B115: =SUBSTITUTE(SUBSTITUTE(C115, "(", ""), ")", "") -> VI | C115: =dsa_processed_with_metadata!M794 -> VI
A116: =dsa_processed_with_metadata!J795 -> 82 | B116: =SUBSTITUTE(SUBSTITUTE(C116, "(", ""), ")", "") -> VI | C116: =dsa_processed_with_metadata!M795 -> VI
A117: =dsa_processed_with_metadata!J796 -> 68 | B117: =SUBSTITUTE(SUBSTITUTE(C117, "(", ""), ")", "") -> VI | C117: =dsa_processed_with_metadata!M796 -> VI
A118: =dsa_processed_with_metadata!J797 -> 68 | B118: =SUBSTITUTE(SUBSTITUTE(C118, "(", ""), ")", "") -> VI | C118: =dsa_processed_with_metadata!M797 -> VI
A119: =dsa_processed_with_metadata!J798 -> 68 | B119: =SUBSTITUTE(SUBSTITUTE(C119, "(", ""), ")", "") -> VI | C119: =dsa_processed_with_metadata!M798 -> VI
A120: =dsa_processed_with_metadata!J799 -> 68 | B120: =SUBSTITUTE(SUBSTITUTE(C120, "(", ""), ")", "") -> VI | C120: =dsa_processed_with_metadata!M799 -> VI
A121: =dsa_processed_with_metadata!J800 -> 68 | B121: =SUBSTITUTE(SUBSTITUTE(C121, "(", ""), ")", "") -> VI | C121: =dsa_processed_with_metadata!M800 -> VI
... A135: =dsa_processed_with_metadata!J814 -> 85 | B135: =SUBSTITUTE(SUBSTITUTE(C135, "(", ""), ")", "") -> VI | C135: =dsa_processed_with_metadata!M814 -> VI
A136: =dsa_processed_with_metadata!J2081 -> 76 | B136: =SUBSTITUTE(SUBSTITUTE(C136, "(", ""), ")", "") -> III | C136: =dsa_processed_with_metadata!M2081 -> III
A137: =dsa_processed_with_metadata!J2082 -> 76 | B137: =SUBSTITUTE(SUBSTITUTE(C137, "(", ""), ")", "") -> III | C137: =dsa_processed_with_metadata!M2082 -> III
A138: =dsa_processed_with_metadata!J2083 -> 76 | B138: =SUBSTITUTE(SUBSTITUTE(C138, "(", ""), ")", "") -> III | C138: =dsa_processed_with_metadata!M2083 -> III
A139: =dsa_processed_with_metadata!J2084 -> 76 | B139: =SUBSTITUTE(SUBSTITUTE(C139, "(", ""), ")", "") -> III | C139: =dsa_processed_with_metadata!M2084 -> III
A140: =dsa_processed_with_metadata!J2085 -> 82 | B140: =SUBSTITUTE(SUBSTITUTE(C140, "(", ""), ")", "") -> V | C140: =dsa_processed_with_metadata!M2085 -> V
A141: =dsa_processed_with_metadata!J2086 -> 82 | B141: =SUBSTITUTE(SUBSTITUTE(C141, "(", ""), ")", "") -> V | C141: =dsa_processed_with_metadata!M2086 -> V
A142: =dsa_processed_with_metadata!J2087 -> 82 | B142: =SUBSTITUTE(SUBSTITUTE(C142, "(", ""), ")", "") -> V | C142: =dsa_processed_with_metadata!M2087 -> V
A143: =dsa_processed_with_metadata!J2088 -> 82 | B143: =SUBSTITUTE(SUBSTITUTE(C143, "(", ""), ")", "") -> V | C143: =dsa_processed_with_metadata!M2088 -> V
A144: =dsa_processed_with_metadata!J2089 -> 82 | B144: =SUBSTITUTE(SUBSTITUTE(C144, "(", ""), ")", "") -> V | C144: =dsa_processed_with_metadata!M2089 -> V
A145: =dsa_processed_with_metadata!J2090 -> 82 | B145: =SUBSTITUTE(SUBSTITUTE(C145, "(", ""), ")", "") -> V | C145: =dsa_processed_with_metadata!M2090 -> V
A146: =dsa_processed_with_metadata!J2091 -> 82 | B146: =SUBSTITUTE(SUBSTITUTE(C146, "(", ""), ")", "") -> V | C146: =dsa_processed_with_metadata!M2091 -> V
A147: =dsa_processed_with_metadata!J2092 -> 82 | B147: =SUBSTITUTE(SUBSTITUTE(C147, "(", ""), ")", "") -> V | C147: =dsa_processed_with_metadata!M2092 -> V
... A156: =dsa_processed_with_metadata!J2101 -> 58 | B156: =SUBSTITUTE(SUBSTITUTE(C156, "(", ""), ")", "") -> IV | C156: =dsa_processed_with_metadata!M2101 -> IV
A157: =dsa_processed_with_metadata!J156 -> 63 | B157: =SUBSTITUTE(SUBSTITUTE(C157, "(", ""), ")", "") -> III | C157: =dsa_processed_with_metadata!M156 -> III
...

Sheet Sheet2
A2: Brain Region ID | B2: Count of Brain Region ID
A3: 1 | B3: 259
A4: 4 | B4: 256
A5: 3 | B5: 251
A6: 2 | B6: 249
A7: 19 | B7: 180
A8: 18 | B8: 172
A9: 20 | B9: 149
A10: 1A | B10: 117
A11: 17 | B11: 113
A12: 5 | B12: 107
A13: 1B | B13: 107
A14: 16 | B14: 101
A15: 6 | B15: 99
A16: 11 | B16: 99
A17: 15 | B17: 99
A18: 10 | B18: 99
A19: 7 | B19: 96
A20: 8 | B20: 94
A21: 12 | B21: 93
A22: 13 | B22: 93
A23: 14 | B23: 92
A24: 1C | B24: 92
A25: 9 | B25: 91
A26: 1D | B26: 81
A27: 21 | B27: 68
A28: control | B28: 60
A29: 1S | B29: 48
A30: 1Q | B30: 48
A31: 1R | B31: 46
A32: 1P | B32: 40
A33: 22 | B33: 40
A34: 1E | B34: 38
A35: 1G | B35: 36
A36: 1H | B36: 36
A37: 1O | B37: 33
A38: 1I | B38: 32
A39: 1J | B39: 30
A40: 1F | B40: 29
A41: 1T | B41: 29
A42: 1L | B42: 28
A43: 1K | B43: 27
A44: 23 | B44: 26
A45: A1 | B45: 26
A46: A2 | B46: 25
A47: A3 | B47: 25
A48: 1N | B48: 25
A49: 1M | B49: 23
A50: A4 | B50: 23
A51: A18 | B51: 21
A52: A15 | B52: 21
A53: A12 | B53: 19
A54: A10 | B54: 19
A55: A16 | B55: 19
A56: A11 | B56: 19
... A66: A5 | B66: 16
A67: 24 | B67: 14
A68: A20 | B68: 14
A69: A21 | B69: 14
A70: 1R-001 | B70: 13
A71: 1S-001 | B71: 12
A72: A22 | B72: 12
A73: 1U | B73: 12
A74: 25 | B74: 11
A75: 19-2 | B75: 9
A76: 1C-001 | B76: 7
A77: control-001 | B77: 7
A78: 1V | B78: 7
A79: 20-2 | B79: 7
A80: 45659 | B80: 6
A81: R-4 | B81: 6
A82: R-2 | B82: 6
A83: 26 | B83: 6
A84: 1Q-001 | B84: 6
A85: R-6 | B85: 5
A86: 2A | B86: 5
A87: R3 | B87: 5
A88: 1S-2 | B88: 5
A89: R5 | B89: 5
A90: 1T-001 | B90: 5
A91: R7 | B91: 5
A92: 1P-001 | B92: 5
A93: R1 | B93: 5
A94: R9 | B94: 4
A95: 1B-001 | B95: 4
... A105: R15 | B105: 3
A106: 45840 | B106: 3
A107: R-5 | B107: 3
A108: 2R | B108: 3
A109: 45718 | B109: 3
A110: 2S | B110: 3
A111: R-3 | B111: 3
A112: 3F | B112: 3
A113: 20-3 | B113: 3
A114: R-1 | B114: 3
A115: 45690 | B115: 3
A116: R-10 | B116: 3
A117: 45749 | B117: 3
A118: 2D | B118: 3
A119: 4T | B119: 2
...

Sheet Sheet3
A2: Clin Dx | B2: Count of Clin Dx
A3: ALS | B3: 406
A4: AD | B4: 347
A5: FTD | B5: 213
A6: ALS; stem cell transplant | B6: 144
A7: ALS (ASO TRIAL) | B7: 96
A8: DLB | B8: 55
A9: ALS+FTD | B9: 51
A10: PDD | B10: 45
A11: FTD+ALS | B11: 44
A12: FTD; ALS | B12: 41
A13: EOAD | B13: 36
A14: PD | B14: 28
... A81: Grand Total | B81: 2205

Sheet Tar
A1: Sex | B1: Age at Onset | I1: Race | J1: Primary Neuropathologic Diagnosis | L1: Race | M1: Count of Race
A2: m | B2: 53 | D2: Sex | E2: Count of Sex | I2: w | J2: AD | L2: w | M2: 1969
A3: m | B3: 53 | D3: m | E3: 1197 | I3: w | J3: AD | L3: b | M3: 155
A4: m | B4: 53 | D4: f | E4: 895 | I4: w | J4: AD | L4: hw | M4: 49
A5: m | B5: 53 | D5: Grand Total | E5: 2092 | I5: w | J5: AD | L5: h | M5: 40 | N5: ￼
A6: m | B6: 53 | I6: w | J6: AD | L6: Grand Total | M6: 2213
A7: m | B7: 53 | D7: Sex | E7: Average of Age at Onset | I7: w | J7: AD
A8: m | B8: 53 | D8: f | E8: 62.242458 | I8: w | J8: AD
A9: m | B9: 53 | D9: m | E9: 59.081376 | I9: w | J9: AD | L9: Count of Primary Neuropathologic Diagnosis | M9: Race
A10: f | B10: 64 | I10: w | J10: AD | L10: Primary Neuropathologic Diagnosis | M10: w | N10: b | O10: hw | P10: h | Q10: Grand Total
A11: f | B11: 64 | I11: w | J11: AD | L11: AD | M11: 604 | N11: 116 | O11: 7 | Q11: 727
A12: f | B12: 64 | I12: w | J12: AD | L12: ALS (C9 expansion) | M12: 327 | Q12: 327
A13: f | B13: 64 | I13: w | J13: AD | L13: ALS | M13: 210 | Q13: 210
A14: f | B14: 81 | I14: b | J14: AD | L14: LBD-neocortical | M14: 117 | N14: 8 | Q14: 125
A15: f | B15: 81 | I15: b | J15: AD | L15: FTLD-TDP (C9 expansion) | M15: 102 | Q15: 102
A16: f | B16: 81 | I16: b | J16: AD | L16: FTLD-TDP | M16: 57 | N16: 14 | Q16: 71
A17: f | B17: 81 | I17: b | J17: AD | L17: ALS (stem cell pt) | M17: 69 | Q17: 69
A18: f | B18: 81 | I18: b | J18: AD | L18: FTLD-tau (CBD) | M18: 44 | Q18: 44
A19: f | B19: 81 | I19: b | J19: AD | L19: MCI | M19: 41 | Q19: 41
A20: f | B20: 81 | I20: b | J20: AD | L20: ALS (stem cell patient) | P20: 40 | Q20: 40
A21: m | B21: 73 | I21: w | J21: AD | L21: FTLD-tau (Pick's) | M21: 21 | O21: 18 | Q21: 39
A22: m | B22: 73 | I22: w | J22: AD | L22: FTLD-TDP (GRN mutation) | M22: 36 | Q22: 36
A23: m | B23: 73 | I23: w | J23: AD | L23: Glioblastoma-grade IV | M23: 35 | Q23: 35
A24: m | B24: 73 | I24: w | J24: AD | L24: Control | M24: 18 | N24: 17 | Q24: 35
A25: m | B25: 73 | I25: w | J25: AD | L25: FTLD-tau (unclassified) | M25: 29 | Q25: 29
A26: m | B26: 73 | I26: w | J26: AD | L26: ALS (FUS mutation) | O26: 24 | Q26: 24
A27: f | B27: 71 | I27: w | J27: AD | L27: FTLD-TDP (likely C9 expansion) | M27: 22 | Q27: 22
A28: f | B28: 71 | I28: w | J28: AD | L28: FTDP-17 (presumed) | M28: 22 | Q28: 22
A29: f | B29: 71 | I29: w | J29: AD | L29: FTDP-17 (G389R) | M29: 20 | Q29: 20
A30: f | B30: 71 | I30: w | J30: AD | L30: FTDP-17 (P301L) | M30: 19 | Q30: 19
A31: f | B31: 71 | I31: w | J31: AD | L31: FTLD-TDP (familial;negative for MAPT, GRN and C9) | M31: 19 | Q31: 19
A32: f | B32: 71 | I32: w | J32: AD | L32: LBD-limbic | M32: 15 | Q32: 15
A33: f | B33: 71 | I33: w | J33: AD | L33: Control/asymptomatic AD | M33: 14 | Q33: 14
A34: m | B34: 59 | I34: w | J34: AD | L34: AD-probable | M34: 14 | Q34: 14
A35: m | B35: 59 | I35: w | J35: AD | L35: FTLD-tau (PSP,with features of CBD) | M35: 13 | Q35: 13
A36: m | B36: 59 | I36: w | J36: AD | L36: Hp sclerosis | M36: 8 | Q36: 8
A37: m | B37: 59 | I37: w | J37: AD | L37: MCI - ADNI | M37: 8 | Q37: 8
A38: m | B38: 59 | I38: w | J38: AD | L38: FTLD-tau (PSP) | M38: 7 | Q38: 7
... A52: f | B52: 82 | I52: w | J52: AD | L52: Hereditary Diffuse Leukoencephalopathy with Axonal Spheroids | M52: 1 | Q52: 1
A53: f | B53: 82 | I53: w | J53: AD | L53: Grand Total | M53: 1969 | N53: 155 | O53: 49 | P53: 40 | Q53: 2213
A54: f | B54: 82 | I54: w | J54: AD
A55: f | B55: 82 | I55: w | J55: AD
A56: m | B56: 81 | I56: w | J56: AD
A57: m | B57: 81 | I57: w | J57: AD
A58: m | B58: 81 | I58: w | J58: AD
A59: m | B59: 81 | I59: w | J59: AD
A60: m | B60: 81 | I60: w | J60: AD
A61: m | B61: 81 | I61: w | J61: AD
A62: m | B62: 81 | I62: w | J62: AD
A63: m | B63: 60 | I63: w | J63: AD-probable
A64: m | B64: 60 | I64: w | J64: AD-probable
A65: m | B65: 60 | I65: w | J65: AD-probable
... A533: f | B533: 46 | I533: w | J533: Adult Onset Leukoencephalopathy with Axonal Spheroids and Pigmented Glia (ALSP; CSF1R mutation)
A534: m | I534: w | J534: Cerebellar Purkinje cell loss
A535: m | I535: w | J535: Cerebellar Purkinje cell loss
A536: m | I536: w | J536: Cerebellar Purkinje cell loss
A537: m | I537: w | J537: Cerebellar Purkinje cell loss
A538: m | I538: w | J538: Cerebellar Purkinje cell loss
A539: m | B539: 58 | I539: w | J539: ALS
A540: m | B540: 58 | I540: w | J540: ALS
A541: m | B541: 58 | I541: w | J541: ALS
A542: m | B542: 58 | I542: w | J542: ALS
A543: m | B543: 58 | I543: w | J543: ALS
A544: m | B544: 58 | I544: w | J544: ALS
A545: m | B545: 58 | I545: w | J545: ALS
A546: m | B546: 58 | I546: w | J546: ALS
A547: m | B547: 58 | I547: w | J547: ALS
A548: m | B548: 58 | I548: w | J548: ALS
A549: m | B549: 58 | I549: w | J549: ALS
A550: m | B550: 58 | I550: w | J550: ALS
... A2093: m | B2093: 60 | I2093: w | J2093: LBD-neocortical
I2094: w | J2094: LBD-neocortical
I2095: w | J2095: LBD-neocortical
I2096: w | J2096: LBD-limbic
I2097: w | J2097: LBD-limbic
I2098: w | J2098: LBD-limbic
I2099: w | J2099: LBD-limbic
I2100: w | J2100: LBD-limbic
I2101: w | J2101: LBD-limbic
I2102: w | J2102: LBD-limbic
I2103: w | J2103: LBD-neocortical
I2104: w | J2104: LBD-neocortical
I2105: w | J2105: LBD-neocortical
... I2214: w | J2214: AD

Sheet POI
A1: # | B1: Patients | C1: Primary neuropathologic dx | D1: Year | E1: LATE Stage
A2: 1 | B2: E23-149 | C2: ALS | D2: 2023
A3: 2 | B3: E23-52 | C3: ALS | D3: 2023
A4: 3 | B4: E20-131 | C4: ALS | D4: 2020
A5: 4 | B5: E20-95 | C5: ALS | D5: 2020
A6: 5 | B6: E19-27 | C6: ALS | D6: 2019
A7: 6 | B7: E17-12 | C7: ALS | D7: 2017
A8: 7 | B8: E17-129 | C8: ALS | D8: 2017
A9: 8 | B9: E15-61 | C9: ALS | D9: 2015
A10: 9 | B10: E22-48 | C10: Control | D10: 2022
A11: 10 | B11: E16-45 | C11: Control | D11: 2016
A12: 11 | B12: E20-18 | C12: Control | D12: 2020
A13: 12 | B13: E15-106 | C13: Control | D13: 2015
... A24: 23 | B24: E19-139 | C24: FTLD-TDP | D24: 2019
B25: E19-131 | C25: LATE-NC (Stage 1) | D25: 2019 | E25: 1
B26: E20-55 | C26: LATE-NC (Stage 1) | D26: 2020 | E26: 1
B27: E24-44 | C27: LATE-NC (Stage 1) | D27: 2024 | E27: 1
B28: E19-101 | C28: LATE-NC (Stage 2) | D28: 2019 | E28: 2
B29: E24-12 | C29: LATE-NC (Stage 2) | D29: 2024 | E29: 2
B30: E23-79 | C30: LATE-NC (Stage 2) | D30: 2023 | E30: 2
B31: E14-104 | C31: LATE-NC (Stage 3) | D31: 2014 | E31: 3
B32: E20-138 | C32: LATE-NC (Stage 3) | D32: 2020 | E32: 3
B33: E24-91 | C33: LATE-NC (Stage 3) | D33: 2024 | E33: 3

Sheet E21-95_pTDP_1

Sheet E21-95_pTDP_3
A1: Cluster # | B1: Bad | C1: Debris | D1: TDP +? | E1: cNCI (compact neuronal cytoplasmic inclusions) | F1: dNCI (diffuse granular morphology of neuronal cytoplasmic inclusions) | G1: sDN (short dystrophic neurites) | H1: lDN (long dystrophic neurites) | I1: NII (lentiform neuronal intranuclear inclusions) | J1: ThD (delicate small TDP-43-ir threads) | K1: Revisit ? | L1: Column1
A2: 1
A3: 2
A4: 3
A5: 4
A6: 5
A7: 6
A8: 7
A9: 8
A10: 9
A11: 10
A12: 11
A13: 12
... A187: 186
A188: 187 | B188: 0 | C188: 1
A189: 188
A190: 189
A191: 190
A192: 191
A193: 192
A194: 193
A195: 194
A196: 195
A197: 196
A198: 197
A199: 198
A200: 199
... A1005: 1004
A1006: 1005 | B1006: 0 | C1006: 0 | D1006: 1 | E1006: 1 | F1006: 0 | G1006: 0 | H1006: 0 | I1006: 0 | J1006: 0
A1007: 1006
A1008: 1007
A1009: 1008
A1010: 1009
A1011: 1010
A1012: 1011
A1013: 1012
A1014: 1013
A1015: 1014
A1016: 1015
A1017: 1016
A1018: 1017
... A1111: 1110
A1112: 1111 | B1112: 0 | D1112: 1 | E1112: 0 | F1112: 0 | G1112: 0 | H1112: 0 | I1112: 1 | J1112: 1 | K1112: 1
A1113: 1112
A1114: 1113
A1115: 1114
A1116: 1115
A1117: 1116
A1118: 1117
A1119: 1118
A1120: 1119
A1121: 1120
A1122: 1121
A1123: 1122
A1124: 1123
... A1221: 1220
A1222: 1221 | B1222: 0 | C1222: 0 | D1222: 1 | E1222: 0 | F1222: 1 | G1222: 0 | H1222: 0 | I1222: 0 | J1222: 0 | K1222: 0
A1223: 1222
A1224: 1223
A1225: 1224
A1226: 1225
A1227: 1226
A1228: 1227
A1229: 1228
A1230: 1229
A1231: 1230
A1232: 1231
A1233: 1232
A1234: 1233
... A1792: 1791
